Date,mean_excess_5d,hit_rate_excess,n_picks
2016-01-08,-0.007024710695188707,0.4,5
2016-01-11,-0.008338852986842005,0.2,5
2016-01-12,-0.019837481527857713,0.2,5
2016-01-13,-0.016836376535757556,0.2,5
2016-01-14,0.03359615354400014,1.0,1
2016-01-15,0.021161953452508618,0.8,5
2016-01-19,0.010365162746011736,0.6,5
2016-01-20,0.0016639310950402608,0.6,5
2016-01-21,-0.008293250033322042,0.0,3
2016-01-22,-0.005608319420743385,0.75,4
2016-01-25,-0.023674298888393785,0.0,2
2016-01-26,-0.02574725987268711,0.0,1
2016-01-27,-0.024370213547020292,0.0,1
2016-01-28,0.012509422557187677,1.0,2
2016-02-02,-0.030453842528376768,0.5,4
2016-02-03,-0.044909404929096786,0.0,1
2016-02-04,-0.014877141758870893,0.0,1
2016-02-05,0.014566059219622418,0.8,5
2016-02-08,0.04436217519837893,1.0,5
2016-02-09,0.03558307376111784,1.0,5
2016-02-10,0.004541348750139207,0.6,5
2016-02-11,0.0247904678833756,0.6,5
2016-02-12,0.024335900115482145,0.6666666666666666,3
2016-02-16,0.024804341374586647,1.0,1
2016-03-08,0.003423450447054943,0.5,2
2016-03-09,0.022352641669751594,1.0,2
2016-03-10,0.016074838702468952,1.0,1
2016-03-29,-0.02506446917662497,0.0,1
2016-04-07,-0.032214508809164766,0.0,1
2016-04-08,0.003423139459388158,0.5,2
2016-04-11,-0.023260622271759512,0.0,1
2016-04-12,-0.01682544706813438,0.0,1
2016-04-13,-0.001127591334614264,0.0,1
2016-04-20,0.01055646244306585,1.0,1
2016-04-21,-0.019320098498318245,0.6666666666666666,3
2016-04-22,-0.0005432978081980991,0.6666666666666666,3
2016-04-25,-0.00030337873446081853,0.75,4
2016-04-26,0.012573070640834294,0.75,4
2016-04-27,0.00196821473361386,0.3333333333333333,3
2016-04-28,0.003971996275055012,0.5,2
2016-04-29,-0.00792469314062716,0.0,1
2016-05-02,0.0009241501117225326,1.0,1
2016-05-03,-0.017188937335570198,0.0,2
2016-05-04,0.001166404387849762,0.5,2
2016-05-05,0.00979337682533199,1.0,1
2016-05-09,-0.005452982309168464,0.0,1
2016-05-13,0.07219700783168315,1.0,1
2016-05-17,-0.0008258996855279588,0.25,4
2016-05-18,0.0947464940582976,1.0,1
2016-05-19,-0.022819688970070844,0.0,3
2016-05-20,-0.010857996037855533,0.0,2
2016-05-23,-0.007883210973829491,0.3333333333333333,3
2016-06-14,0.015453455162384389,1.0,2
2016-06-15,-0.0032304154568040624,0.6666666666666666,3
2016-06-27,-0.013236447994192279,0.2,5
2016-06-28,-0.019272329102775654,0.2,5
2016-06-30,0.002874130370513539,0.5,2
2016-07-07,0.01000180546904983,1.0,1
2016-07-26,-0.027410869200606314,0.0,1
2016-07-27,0.0009900149688837345,0.6666666666666666,3
2016-07-28,-0.004632264372200101,0.0,2
2016-07-29,2.8723943173714073e-05,0.5,2
2016-08-01,-0.004045389295440183,0.0,2
2016-08-02,-0.013579600790484259,0.0,1
2016-08-19,0.0007636888464498393,1.0,1
2016-08-25,0.02417042508585865,1.0,1
2016-08-26,-0.005043480268057898,0.0,1
2016-09-02,-0.0005573570273761375,0.0,1
2016-09-07,0.010892189066196156,1.0,1
2016-09-09,0.0051008177098647465,0.6,5
2016-09-12,-0.004342807499669532,0.0,1
2016-09-13,0.007246792421163728,0.8,5
2016-09-14,-0.00029909361692572747,0.4,5
2016-09-15,0.005338582677250514,1.0,1
2016-09-29,0.019424155984999025,0.5,2
2016-10-04,-0.00031469690014429563,0.0,1
2016-10-05,0.009500885773624623,1.0,1
2016-10-06,0.013434116592213274,1.0,1
2016-10-07,0.016540455135698646,1.0,3
2016-10-10,0.024127971417469623,1.0,3
2016-10-11,0.019547897862424946,1.0,2
2016-10-12,0.010080872113429637,1.0,3
2016-10-13,-0.005192854146725212,0.0,1
2016-10-17,-0.02433468039075959,0.0,1
2016-10-19,0.004142497460949339,0.6666666666666666,3
2016-10-20,0.009973071838256686,0.75,4
2016-10-21,0.013870862140436225,0.8,5
2016-10-24,0.017199528032472287,0.8,5
2016-10-25,-0.0005373502514139927,0.3333333333333333,3
2016-10-26,-0.0032321997459282548,0.5,2
2016-10-28,0.009197874336714928,0.5,2
2016-10-31,0.011572143508071647,0.75,4
2016-11-01,-0.008182208231947522,0.3333333333333333,3
2016-11-02,0.017846785121353848,0.5,2
2016-11-03,-0.013728330314726348,0.3333333333333333,3
2016-11-10,-0.006681405768369952,0.0,2
2016-11-14,0.01850371053852664,0.6,5
2016-11-15,-0.008758404518664683,0.3333333333333333,3
2016-11-16,-0.026580591618206213,0.0,3
2016-11-17,-0.01936800431703989,0.0,1
2016-11-18,0.000604599434973041,0.5,2
2016-11-22,-0.006650621276284463,0.0,2
2016-11-23,-0.006728834912035686,0.0,2
2016-11-28,-0.03156456023661913,0.0,1
2016-12-01,0.02359387541689073,1.0,3
2016-12-02,0.008630679015870835,1.0,4
2016-12-05,0.007755979234883803,1.0,1
2016-12-21,-0.0002727914421318811,0.0,1
2016-12-22,-0.0037083938290924934,0.0,1
2016-12-23,0.011988295797650927,1.0,1
2016-12-28,-0.01035542749716789,0.0,1
2017-01-04,0.005081139226157383,1.0,1
2017-01-06,-0.009611115713834661,0.0,1
2017-01-09,0.0021206579249380964,1.0,1
2017-01-10,-0.010946932111000285,0.0,1
2017-01-11,0.0033338077909140784,1.0,1
2017-01-12,-0.00016774035807531895,0.0,1
2017-01-19,0.023222147413073935,1.0,2
2017-01-20,0.010621468999677086,1.0,1
2017-01-23,-0.0009041832298080088,0.0,1
2017-01-24,-0.004099780352404825,0.5,2
2017-01-25,-0.019233373797883813,0.0,1
2017-01-26,-0.010298566923279906,0.0,1
2017-01-27,-0.022180359966018415,0.0,1
2017-01-30,-0.014448627957466764,0.5,2
2017-01-31,-0.004747766727951852,0.0,2
2017-02-01,-0.0011929352345828221,0.3333333333333333,3
2017-02-02,-0.0012785309164683085,0.6666666666666666,3
2017-02-03,-0.009376044264646333,0.5,2
2017-02-09,0.008924358609519123,1.0,1
2017-02-10,0.016794343957116542,1.0,1
2017-02-13,0.008838635893062108,1.0,1
2017-02-14,0.011261228088643271,1.0,2
2017-02-15,-0.030422906131234606,0.5,2
2017-02-16,-0.06259207296477076,0.0,1
2017-02-23,-0.02256717782618467,0.0,1
2017-02-28,-0.029241705269441587,0.0,1
2017-03-01,-0.02772291282858741,0.0,1
2017-03-03,0.004061427547492169,1.0,1
2017-03-08,-0.0070469609510624975,0.3333333333333333,3
2017-03-09,-0.026650443041393523,0.0,1
2017-03-13,-0.0036659998390961013,0.5,2
2017-03-14,0.019714999017307666,1.0,1
2017-03-21,-0.007755319669366656,0.5,2
2017-03-22,0.010722711792543286,0.6666666666666666,3
2017-03-23,-0.004983772359649048,0.3333333333333333,3
2017-03-24,-0.0020209817689639253,0.0,2
2017-03-27,-0.0029104090047959996,0.5,2
2017-04-06,-0.039857724480176326,0.0,1
2017-04-07,-0.008285257837199689,0.0,1
2017-04-10,0.02179292395035648,1.0,1
2017-04-13,-0.02035018694545454,0.0,1
2017-04-18,0.010560866484733533,0.5,2
2017-04-19,0.000163661301147644,0.3333333333333333,3
2017-04-20,-0.01092899400303482,0.3333333333333333,3
2017-04-21,-0.008135627429101178,0.0,2
2017-04-24,-0.024741182528367933,0.0,2
2017-04-25,-0.013401917513848616,0.0,2
2017-04-26,-0.015266027104607893,0.0,1
2017-04-27,-0.01759783062843523,0.0,1
2017-05-01,-0.010306367455467091,0.0,1
2017-05-02,-0.0007183537598445255,0.0,1
2017-05-03,-0.02338814706061687,0.0,1
2017-05-04,-0.016899180403458502,0.0,1
2017-05-05,-0.022356882440430936,0.0,2
2017-05-08,-0.017913231847045963,0.0,2
2017-05-09,0.007648508099735718,1.0,1
2017-05-10,0.014768419309334035,1.0,1
2017-05-11,0.004750190634560336,0.5,2
2017-05-12,-0.03250866153326121,0.0,2
2017-05-16,0.016795543051743633,0.5,2
2017-05-17,-0.0010651520516072655,0.2,5
2017-05-18,-0.0027808373670348717,0.2,5
2017-05-19,-0.001701566431678292,0.5,2
2017-05-22,0.006246979270477904,0.5,2
2017-05-23,-0.013032256841163159,0.0,1
2017-05-24,-0.0009497689139679188,0.0,1
2017-05-31,0.012229413609738504,1.0,1
2017-06-06,0.004537743559850149,1.0,1
2017-06-08,0.015953609897501386,1.0,1
2017-06-09,-0.026632618997241286,0.0,2
2017-06-12,0.012334680779202634,1.0,5
2017-06-13,-0.0021236966892110485,0.3333333333333333,3
2017-06-14,0.014218176515031822,1.0,4
2017-06-15,0.022601466095247137,1.0,5
2017-06-16,0.01701921289331776,0.6666666666666666,3
2017-06-19,0.005599649944698859,1.0,1
2017-06-20,0.023503618312241015,1.0,2
2017-06-21,0.0013186641688329725,1.0,1
2017-06-22,0.01156473600686081,1.0,1
2017-06-23,0.009186203677506333,0.5,2
2017-06-26,0.011086335007679601,0.6666666666666666,3
2017-06-27,0.0057635556193174065,0.5,2
2017-06-29,0.004192880212751826,0.75,4
2017-06-30,0.007524601244753048,0.6,5
2017-07-03,0.04086576227511909,0.8,5
2017-07-06,0.007538176607714664,0.75,4
2017-07-10,0.014193464387285748,0.5,2
2017-07-11,0.0003484072920418857,0.5,2
2017-07-19,-0.01649026849668367,0.0,1
2017-07-20,-0.006794367418827607,0.5,2
2017-07-21,-0.004730594595055815,0.5,2
2017-07-24,0.019686170562159783,0.6666666666666666,3
2017-07-25,0.011242765215027983,0.6666666666666666,3
2017-07-26,0.022382501132776733,1.0,3
2017-07-27,0.029521956643296154,1.0,2
2017-07-28,0.022871362142720564,1.0,2
2017-07-31,0.013399001831061463,1.0,2
2017-08-01,-8.80842257601766e-05,0.5,2
2017-08-02,-0.004747691308791935,0.5,2
2017-08-03,-0.017439987147587765,0.0,1
2017-08-07,-0.04117867735298553,0.0,1
2017-08-08,-0.048097817913759,0.0,1
2017-08-09,-0.004872882286754199,0.0,1
2017-08-10,0.0030445896424015073,1.0,1
2017-08-11,-0.006551710259520616,0.0,2
2017-08-14,0.012496058722806569,1.0,1
2017-08-15,0.016753078425545964,1.0,1
2017-08-16,0.007485276552523512,1.0,1
2017-08-17,0.01064812356965783,1.0,1
2017-08-18,0.002634053130261919,0.6666666666666666,3
2017-08-21,0.0024287163835879366,0.5,4
2017-08-22,-0.00937364092823656,0.5,2
2017-08-23,0.0007551170239965174,0.3333333333333333,3
2017-08-24,-0.033475584949701376,0.0,1
2017-08-28,-0.06938858349152799,0.0,1
2017-08-29,-0.05129575177563295,0.0,1
2017-08-30,-0.057924802771201045,0.0,1
2017-08-31,-0.00804115920376014,0.0,1
2017-09-01,0.016657319132263204,1.0,1
2017-09-05,0.04486042339260399,1.0,1
2017-09-06,0.01886310695960436,1.0,1
2017-09-07,0.0120340583535683,0.5,2
2017-09-08,0.0008240047743401924,0.5,2
2017-09-11,0.008356296783784467,1.0,1
2017-09-12,0.005836348673298519,1.0,1
2017-09-14,0.015728908731650337,1.0,1
2017-09-18,0.0004829660064670227,1.0,1
2017-09-20,-0.02486172269719389,0.0,1
2017-09-21,-0.004566549709675849,0.0,1
2017-09-22,0.00746936038469781,1.0,2
2017-09-25,0.0035884008628345398,0.8,5
2017-09-26,0.0023748773373299947,0.4,5
2017-09-27,0.00782142401457836,1.0,4
2017-10-02,0.0071560758649473755,1.0,1
2017-10-11,0.04831526190815372,1.0,1
2017-10-12,0.016942647766594154,1.0,1
2017-10-13,0.06928595553591044,1.0,1
2017-10-20,-0.016044693175859548,0.0,1
2017-10-23,0.06639740548181872,0.5,2
2017-10-24,-0.009657736497928893,0.0,1
2017-10-25,-0.006718599842354234,0.0,2
2017-10-26,-0.014177664937318035,0.0,2
2017-10-27,-0.0072960707698190574,0.5,4
2017-10-30,0.006099998366802158,0.6666666666666666,3
2017-10-31,0.011527824242817694,1.0,3
2017-11-01,0.004151716928286031,0.5,2
2017-11-02,0.007054458809844566,1.0,2
2017-11-06,-0.015122574394624055,0.0,1
2017-11-07,-0.0259907368025043,0.0,1
2017-11-08,-0.019391964955113195,0.0,1
2017-11-09,-0.0017693113912885527,0.3333333333333333,3
2017-11-10,0.0076749136896542836,1.0,4
2017-11-13,0.0006485584157646107,1.0,1
2017-11-15,0.002370547565055355,0.3333333333333333,3
2017-11-16,0.0008353062142654188,0.5,2
2017-11-17,0.0014014893186976944,0.3333333333333333,3
2017-11-20,-0.0011395059026491072,0.5,2
2017-11-21,-0.016578127381643104,0.0,1
2017-11-22,0.0004085355569605209,0.5,2
2017-11-24,-0.00819212414222803,0.0,1
2017-11-29,-0.018221932055468775,0.0,3
2017-12-01,-0.015214846561825998,0.0,3
2017-12-04,0.03957240505913577,1.0,5
2017-12-05,0.02450704869826139,1.0,5
2017-12-07,-0.003071576391922052,0.0,3
2017-12-11,0.01917845427749132,1.0,2
2017-12-12,0.017085210026807518,1.0,1
2017-12-22,0.012633892932201407,1.0,1
2017-12-26,0.0022429438287150383,0.3333333333333333,3
2017-12-27,0.02659407824856541,1.0,1
2017-12-29,0.00379881886010236,1.0,1
2018-01-08,0.019827806793305536,1.0,1
2018-01-09,-0.0008147053309122132,0.0,1
2018-01-10,0.028275005419639898,1.0,1
2018-01-19,-0.005681914787187825,0.0,1
2018-01-22,0.004046810726485939,1.0,1
2018-01-23,0.011241225702631419,1.0,2
2018-01-24,0.007580872817060547,0.3333333333333333,3
2018-01-25,-0.01338986888720961,0.0,1
2018-01-26,-0.013093602214153177,0.0,2
2018-01-29,-0.011458959539963787,0.6,5
2018-01-30,0.00011470152940580291,0.4,5
2018-01-31,-0.0003983771542053649,0.8,5
2018-02-01,-0.006618115887275877,0.4,5
2018-02-02,0.0011990419982877531,0.4,5
2018-02-05,0.0023933053749754405,0.4,5
2018-02-06,-0.001149600663044148,0.6,5
2018-02-07,-0.008611710542965478,0.2,5
2018-02-08,0.009553693515771,0.6,5
2018-02-09,-0.015143451528736062,0.2,5
2018-02-13,-0.018817961180687348,0.0,1
2018-02-14,0.0012009648148767482,1.0,2
2018-02-20,-0.013789693957431182,0.5,2
2018-02-21,-0.022424001081802425,0.0,1
2018-02-22,-0.029790636613820864,0.0,1
2018-02-23,-0.023859167336491183,0.0,1
2018-02-26,-0.013173015164164359,0.0,1
2018-03-01,-0.02008817343979872,0.2,5
2018-03-02,0.004163227043828055,0.6,5
2018-03-05,0.0006066341947593923,0.4,5
2018-03-06,-0.009290642704653384,0.4,5
2018-03-07,-0.014185812299872702,0.5,2
2018-03-14,0.03840071930535871,1.0,1
2018-03-15,0.009773727493146533,1.0,1
2018-03-16,0.022689931984194556,1.0,3
2018-03-19,0.0046672260888268036,0.75,4
2018-03-20,0.03194314746852356,1.0,1
2018-03-21,-0.011023581762691248,0.5,2
2018-03-22,-0.002038486662764294,0.4,5
2018-03-23,0.006406040173130756,0.8,5
2018-03-26,0.0005428937748585364,0.3333333333333333,3
2018-03-27,0.010847360082821967,0.6,5
2018-03-28,0.004143429831255485,0.4,5
2018-03-29,-0.01606038081177097,0.0,1
2018-04-02,0.01113676365744043,1.0,1
2018-04-03,0.010798073855030487,0.8,5
2018-04-04,0.010924297396298188,1.0,1
2018-04-06,0.03561763979237942,1.0,4
2018-04-18,0.005846411595838541,1.0,1
2018-04-19,-0.008398910596194908,0.5,2
2018-04-20,-0.0074882240894713625,0.3333333333333333,3
2018-04-23,-0.0025885385601489563,0.6,5
2018-04-24,-0.010607797762663563,0.2,5
2018-04-25,0.005717299373602458,0.2,5
2018-04-26,0.014809370121513555,0.4,5
2018-04-27,0.00457747269022409,0.6666666666666666,3
2018-04-30,0.0020368678203581125,0.5,4
2018-05-02,-0.006299119324430687,0.3333333333333333,3
2018-05-03,-0.01234362222590446,0.0,2
2018-05-04,-0.01675180693889078,0.0,1
2018-05-11,0.008689131598120015,1.0,1
2018-05-17,-0.0003731469618821759,0.0,1
2018-05-18,-0.0018650553735961584,0.0,1
2018-05-21,-0.001916021372879051,0.0,1
2018-05-22,-0.018327675230057294,0.0,1
2018-05-25,-0.009531846092184937,0.0,1
2018-05-29,-0.011876927132266157,0.0,5
2018-05-30,0.001714722248225442,1.0,3
2018-05-31,0.010028016913115353,1.0,3
2018-06-01,0.011213519852629306,1.0,1
2018-06-18,-0.05376646094358167,0.0,2
2018-06-19,-0.009375791220100127,0.25,4
2018-06-20,-0.004682756247626624,0.5,4
2018-06-21,-0.012262754723320257,0.4,5
2018-06-22,-0.009402206685281555,0.4,5
2018-06-25,0.005425769515550849,0.8,5
2018-06-26,-0.006597950108544526,0.25,4
2018-06-27,0.012376503602270762,0.8,5
2018-06-28,0.026323014049923987,1.0,1
2018-06-29,0.008245642696359745,0.6666666666666666,3
2018-07-17,0.011848786446113646,1.0,1
2018-07-27,0.0331512643164984,1.0,1
2018-07-30,0.011984655302558433,1.0,3
2018-07-31,0.021476830828834743,1.0,3
2018-08-01,0.01042026988082836,0.8,5
2018-08-02,0.023668227703924627,1.0,1
2018-08-14,0.028983294352193045,1.0,1
2018-08-15,0.017468351749293176,0.5,4
2018-08-16,-0.006234506596481282,0.0,2
2018-08-17,0.0016769141034502777,1.0,1
2018-08-20,0.007693488379974411,1.0,1
2018-08-21,0.015829527778719932,1.0,2
2018-09-04,0.040687753530534554,1.0,1
2018-09-06,0.026788906980896088,1.0,2
2018-09-07,0.024566960923718795,1.0,2
2018-09-11,0.01960553849352409,1.0,1
2018-09-12,0.02841901045989026,1.0,2
2018-09-17,0.02688624686501684,1.0,1
2018-09-18,0.05531326848892337,1.0,1
2018-09-27,0.014041496475919235,1.0,2
2018-09-28,0.01973492883817829,1.0,3
2018-10-04,-0.019378849673552356,0.25,4
2018-10-05,0.0002855221819726861,0.4,5
2018-10-08,-0.0007434852997128649,0.6,5
2018-10-09,0.01263748567666445,0.8,5
2018-10-10,0.03940522336688259,1.0,5
2018-10-11,0.017128559586131686,1.0,5
2018-10-12,-0.002662777477974143,0.6,5
2018-10-15,-0.009467179340373244,0.2,5
2018-10-16,-0.02054460513472529,0.2,5
2018-10-17,0.0020581617536767904,0.6666666666666666,3
2018-10-18,0.0033663853067354976,0.5,2
2018-10-19,-0.02702038480920817,0.3333333333333333,3
2018-10-22,-0.03456465265114147,0.3333333333333333,3
2018-10-23,-0.028285214305917062,0.6,5
2018-10-24,0.027838667705155064,1.0,5
2018-10-25,0.022111745920905878,0.6,5
2018-10-26,0.038306422482259704,0.8,5
2018-10-29,0.033392986706135774,0.8,5
2018-10-30,0.027574978894268833,0.8,5
2018-10-31,0.043166316823346484,1.0,1
2018-11-01,0.029307866859714315,1.0,2
2018-11-02,0.04644881068782136,1.0,1
2018-11-05,-0.03380796809674935,0.0,1
2018-11-08,-0.05525569514984774,0.0,1
2018-11-12,-0.12455594802357378,0.0,2
2018-11-13,-0.049884234717390674,0.0,3
2018-11-14,-0.01799632172222452,0.2,5
2018-11-15,-0.03978390794671523,0.0,5
2018-11-16,-0.01715929422561291,0.2,5
2018-11-19,0.029608017542923658,0.6,5
2018-11-20,0.029670038165573676,0.6,5
2018-11-21,0.023314044363914467,0.8,5
2018-11-23,0.04120943060039832,0.8,5
2018-11-26,0.05400305922673121,1.0,2
2018-11-27,0.007168326875872211,1.0,1
2018-12-04,0.003264038161711391,1.0,1
2018-12-06,-0.01589831616800245,0.3333333333333333,3
2018-12-07,-0.007564447862190326,0.2,5
2018-12-10,0.0031154891688128126,0.8,5
2018-12-11,0.018552664160705112,0.8,5
2018-12-12,0.016568701316566847,1.0,1
2018-12-14,0.038983950702326076,1.0,1
2018-12-17,0.006466976112292455,0.6,5
2018-12-18,0.00914211091950523,0.6,5
2018-12-19,-0.004906671085804027,0.4,5
2018-12-20,0.004719509565268498,0.6,5
2018-12-21,0.02528563500323009,1.0,5
2018-12-24,0.006515627370185362,0.8,5
2018-12-26,0.0036331211194057245,1.0,1
2019-01-03,0.021580073511644704,1.0,1
2019-01-28,0.03139418420462895,1.0,3
2019-01-29,0.041002656683191585,0.5,2
2019-01-30,-0.02317283905123979,0.0,1
2019-01-31,-0.020355194939852383,0.0,1
2019-02-14,-0.02414800538895079,0.0,1
2019-02-15,-0.014382724101687283,0.0,1
2019-02-19,-0.008413608831420172,0.0,1
2019-02-20,-0.006385240986565677,0.0,1
2019-02-21,-0.015880642102381826,0.0,1
2019-02-27,-0.03732809016165872,0.0,1
2019-02-28,-0.00962005205016947,0.0,1
2019-03-01,-0.014740404909316496,0.0,1
2019-03-04,0.03364516342365753,1.0,1
2019-03-05,0.016747423214507506,1.0,1
2019-03-11,-0.08329392944133218,0.0,1
2019-03-12,-0.015686097716832825,0.0,1
2019-03-13,-0.0033449310110901243,0.0,1
2019-03-14,-0.014304643401593209,0.0,1
2019-03-15,-0.03705818456666721,0.0,1
2019-03-18,0.006764139798796198,1.0,1
2019-03-19,0.005805295403118804,1.0,1
2019-03-20,0.009384947624595963,1.0,1
2019-03-21,0.03298485210706159,1.0,1
2019-03-22,0.010161038127948293,1.0,3
2019-03-25,0.02076384186682273,1.0,4
2019-03-26,0.005516241176438452,0.3333333333333333,3
2019-03-27,0.03373442450524,1.0,1
2019-03-28,-0.004909542502054665,0.0,2
2019-04-02,-0.006906829702984729,0.0,1
2019-04-03,-0.01094533885325244,0.0,1
2019-04-08,-0.03398096118205007,0.0,1
2019-04-09,-0.05001857192374226,0.0,1
2019-04-10,-0.08939873623181993,0.0,1
2019-04-11,-0.02192724011137137,0.5,2
2019-04-12,0.017268857856523545,1.0,2
2019-04-15,-0.0209506744361464,0.3333333333333333,3
2019-04-16,-0.004129801336931083,0.5,2
2019-04-17,0.03955318804943908,1.0,2
2019-04-18,0.019226195637771764,0.6666666666666666,3
2019-04-22,0.032792385472858676,1.0,1
2019-04-23,0.05120157793139435,1.0,1
2019-04-24,0.054829469592378444,1.0,1
2019-04-25,-0.002466350859382127,0.5,2
2019-04-26,-0.025423695739736185,0.0,2
2019-04-29,-0.014198542731303498,0.5,2
2019-04-30,-0.012185829841371176,0.5,2
2019-05-01,-0.02040527664220665,0.0,2
2019-05-02,-0.06222180750693973,0.0,1
2019-05-06,0.028399610473017978,1.0,1
2019-05-07,0.004261121648465904,0.4,5
2019-05-09,-0.027008548300058277,0.0,1
2019-05-10,-0.027075422645598923,0.0,2
2019-05-13,0.013938529431485703,0.6,5
2019-05-14,-0.024292683794639003,0.0,2
2019-05-15,-0.041072791970703404,0.0,2
2019-05-28,0.0007496473486923172,1.0,1
2019-05-29,0.016999461876566535,1.0,3
2019-05-30,0.008432236103983989,0.6666666666666666,3
2019-05-31,0.016981375420106026,1.0,4
2019-06-03,0.01733230543167157,0.8,5
2019-06-04,-0.01898612200453842,0.0,1
2019-06-14,0.029143704391986214,1.0,1
2019-07-11,0.022467911947863684,1.0,1
2019-07-12,0.007130165005795719,0.5,2
2019-07-15,-0.011509611857138502,0.5,2
2019-07-16,-0.011948832708123636,0.5,2
2019-07-17,-0.02820131098975187,0.0,1
2019-07-18,-0.011108561836117303,0.0,1
2019-07-22,0.008470695404886616,0.6666666666666666,3
2019-07-23,-0.001486251951341444,0.0,1
2019-07-24,0.03323822011532446,1.0,2
2019-07-26,0.01532361018499151,1.0,1
2019-07-29,0.03162003918946954,1.0,1
2019-08-01,0.002694112805512572,1.0,1
2019-08-02,0.007457986443400988,0.6,5
2019-08-05,0.014890460113854819,0.8,5
2019-08-06,-0.005726010214161836,0.4,5
2019-08-07,-0.000423412562801051,0.4,5
2019-08-08,-0.027837165586574453,0.0,1
2019-08-09,-0.007911169927624306,0.0,1
2019-08-14,-0.007259131213532388,0.0,1
2019-08-15,0.013386447454992234,0.5,4
2019-08-16,0.007401497506802468,1.0,2
2019-08-19,-0.01405402859281446,0.0,1
2019-08-20,-0.0020839649863372833,0.5,2
2019-08-23,0.0028513027717491646,0.3333333333333333,3
2019-08-26,0.007657976590777771,0.5,2
2019-08-27,-0.007948223244118813,0.0,1
2019-09-09,-0.023824454116368132,0.0,1
2019-09-10,-0.003933943647044913,0.5,2
2019-09-11,0.0042949232650838125,0.3333333333333333,3
2019-09-12,-0.004030900234598345,0.0,2
2019-09-13,0.007715805353176996,0.6,5
2019-09-16,0.026458000608785337,1.0,1
2019-09-26,0.02159796336111064,1.0,1
2019-09-27,-0.005925427156970642,0.5,2
2019-09-30,-0.032591384776002874,0.0,1
2019-10-01,-0.02100389562493732,0.0,1
2019-10-02,0.002551143071982731,0.25,4
2019-10-03,0.0014475774834737571,0.6666666666666666,3
2019-10-07,0.012833440069160817,0.5,2
2019-10-08,-0.01681446035730283,0.0,1
2019-10-15,0.0420565238226267,1.0,1
2019-10-16,0.04158149703007186,1.0,1
2019-10-17,0.06632281705136633,1.0,1
2019-10-18,0.0035341488304856026,0.3333333333333333,3
2019-10-21,0.016582182949954838,1.0,2
2019-10-22,0.0023840488775515476,0.6,5
2019-10-23,-0.003078408283043821,0.4,5
2019-10-24,0.002232727858332062,0.3333333333333333,3
2019-10-25,-0.021838736242107304,0.0,3
2019-10-28,-0.02015413709162635,0.0,3
2019-10-29,-0.01038049855124984,0.0,2
2019-11-04,-0.0010047681478464465,0.0,1
2019-11-05,-0.003304497512705451,0.0,1
2019-11-06,-0.0037698351082073867,0.0,1
2019-11-07,0.0068907111287526135,1.0,3
2019-11-08,-0.0013110456901475054,0.0,2
2019-11-14,-0.003884627180984368,0.0,1
2019-11-15,-0.0026606222516931677,0.0,1
2019-11-18,0.002317835708507854,1.0,1
2019-11-19,-0.010411352802835228,0.0,1
2019-11-20,-0.008628057216504725,0.0,2
2019-11-21,-0.0040065713252182,0.0,1
2019-11-22,-0.004067343051524341,0.0,1
2019-11-25,-0.007956406335687727,0.0,1
2019-12-04,-0.006178381618495266,0.0,1
2019-12-05,-0.02088428052059832,0.0,1
2019-12-16,0.026879544210263395,1.0,1
2020-01-06,0.004035061831657583,1.0,1
2020-01-07,-0.017885364577214458,0.0,1
2020-01-09,0.0008615694452784872,1.0,1
2020-01-10,-0.02654399420335074,0.0,1
2020-01-22,0.05638107683077864,1.0,1
2020-01-24,-0.002532295048360574,0.3333333333333333,3
2020-01-27,-0.002579751438153988,0.4,5
2020-01-28,-0.017305074948074473,0.4,5
2020-01-29,0.022853110530642075,0.6,5
2020-01-30,0.03340792709304374,0.75,4
2020-01-31,-0.005128475345462169,0.4,5
2020-02-03,-0.002350225599697997,0.5,2
2020-02-04,-0.01197938474251159,0.0,1
2020-02-06,0.012251536377199335,1.0,1
2020-02-11,-0.047309999601404695,0.0,1
2020-02-12,0.026747361000632353,1.0,1
2020-02-13,0.015135019982829956,1.0,1
2020-02-18,0.051411267626732815,1.0,2
2020-02-19,0.022157400369914038,0.5,2
2020-02-20,-0.028307466211282217,0.0,1
2020-02-21,0.0017992770113643974,0.5,2
2020-02-24,0.00841321686263139,0.8,5
2020-02-25,0.004968962951036082,0.8,5
2020-02-26,-0.00440638555777666,0.6,5
2020-02-27,0.015759058530024704,0.8,5
2020-02-28,0.02207471423723184,0.8,5
2020-03-02,-0.016864067714046006,0.4,5
2020-03-03,0.0249435746839759,0.6,5
2020-03-04,-0.14268598466787874,0.0,2
2020-03-05,-0.13667488570887687,0.0,2
2020-03-06,0.0560183902560627,1.0,1
2020-03-09,0.02568540371487693,0.8,5
2020-03-10,-0.056111973461434504,0.4,5
2020-03-11,-0.12059651529537178,0.0,5
2020-03-12,-0.09510952261261471,0.2,5
2020-03-13,-0.0671097127466356,0.2,5
2020-03-16,0.010054269431616514,0.6,5
2020-03-17,0.05186417381551607,0.8,5
2020-03-18,0.13682757577474103,1.0,5
2020-03-19,0.2330577953681437,0.8,5
2020-03-20,0.07083550025148204,1.0,5
2020-03-23,0.08630190801082138,1.0,5
2020-03-24,0.035192826917328945,1.0,5
2020-03-25,0.058073189264636095,1.0,5
2020-03-26,0.11627721248445122,1.0,1
2020-03-27,0.11098258779097359,1.0,1
2020-04-01,0.040043347062990176,1.0,4
2020-04-02,0.07954583252989918,1.0,5
2020-04-03,0.05472546291826012,1.0,5
2020-04-15,-0.012804205734259999,0.0,1
2020-04-16,0.018113224184876986,0.75,4
2020-04-21,0.002843700476508326,0.4,5
2020-04-29,0.028131034695785262,1.0,1
2020-04-30,0.012436515971116946,1.0,1
2020-05-01,-0.03396149698786366,0.0,1
2020-05-04,-0.01783012876206458,0.0,1
2020-05-06,-0.029264349098599762,0.2,5
2020-05-13,0.045179171695919784,1.0,1
2020-05-14,0.03743564622851925,1.0,1
2020-05-15,0.01732839122722435,0.5,2
2020-06-11,0.006894328905181579,0.8,5
2020-06-12,-0.008090160105413103,0.4,5
2020-06-15,-0.012870745618162949,0.4,5
2020-06-16,0.004856511126628327,1.0,1
2020-06-17,0.018783988762651194,1.0,1
2020-06-24,-0.007423580776411365,0.0,1
2020-06-25,-0.006481914039658809,0.0,1
2020-06-26,-0.017530028263848196,0.0,1
2020-07-16,0.009568848642492966,1.0,1
2020-07-17,0.006640803911598325,0.5,2
2020-07-24,-0.07410953798776998,0.0,1
2020-07-27,-0.04285321136966913,0.0,1
2020-07-28,-0.029913962720909626,0.0,1
2020-07-29,-0.0038172095668431716,0.0,1
2020-07-30,-0.019924301016997825,0.0,1
2020-08-03,0.05271179967495532,1.0,1
2020-08-13,-0.013902253048906577,0.0,1
2020-08-14,-0.013719945498888109,0.0,1
2020-08-17,-0.012688183071032588,0.0,1
2020-08-18,-0.016658746440649463,0.0,1
2020-08-19,-0.02158581815738958,0.0,1
2020-09-04,-0.0032744590658706496,0.5,2
2020-09-08,0.017100302650184362,0.8,5
2020-09-09,-0.028610424531096256,0.2,5
2020-09-10,-0.02197759119801699,0.2,5
2020-09-11,-0.021290028735824917,0.0,4
2020-09-14,-0.01197589087424722,0.0,1
2020-09-16,0.022335652643587944,1.0,1
2020-09-24,-0.05201551638234725,0.0,1
2020-10-19,0.0036247669530336535,0.5,2
2020-10-20,0.036575075279901226,1.0,1
2020-10-21,-0.02620406366067729,0.0,1
2020-10-23,-0.0037285287083407836,0.5,2
2020-10-26,0.005965636525267215,0.5,2
2020-10-27,-0.010834315440324205,0.0,1
2020-10-28,-0.009575042566981162,0.4,5
2020-10-29,-0.00337203962115038,0.4,5
2020-10-30,0.0010045881163577963,0.6,5
2020-11-02,0.043532380074396415,0.5,2
2020-11-03,-0.05798885282242172,0.0,1
2020-11-12,-0.010771554219000556,0.0,1
2020-11-13,-0.008001270648361092,0.0,1
2020-12-02,-0.0011147090963017359,0.0,1
2020-12-03,0.00871560620956191,1.0,1
2021-01-07,-0.012923432927931633,0.0,1
2021-01-22,0.03767245250926199,1.0,1
2021-01-27,0.010791991704031667,0.5,2
2021-01-28,0.0055018005750191445,0.5,2
2021-01-29,-0.03725566050439144,0.0,1
2021-02-01,-0.023769789076917514,0.0,1
2021-02-02,0.008330046932450097,1.0,1
2021-02-23,-0.03708856352173995,0.0,1
2021-02-24,-0.015770517992976685,0.0,1
2021-02-25,-0.01608914649201504,0.25,4
2021-02-26,-0.049941679801349524,0.0,3
2021-03-03,-0.020067293615622872,0.5,2
2021-03-04,0.0010108752513913188,0.5,2
2021-03-05,0.004469851600874097,1.0,1
2021-03-08,0.0439690614413785,1.0,3
2021-03-19,0.015355572383420446,1.0,1
2021-03-22,0.02873092609016481,1.0,2
2021-03-23,-0.000295915028023952,0.5,2
2021-03-24,-0.014953049958628228,0.0,2
2021-03-25,0.008497160540974491,1.0,2
2021-04-20,0.026355986614340576,1.0,1
2021-04-22,0.013056898150191731,1.0,1
2021-04-23,-0.03020943712248836,0.0,1
2021-04-26,0.027080244462110326,1.0,1
2021-04-27,0.037598965604316414,1.0,2
2021-04-28,0.005110025958434183,0.5,2
2021-04-29,0.058002854552308025,1.0,1
2021-05-04,-0.0013231014550775244,0.5,2
2021-05-05,-0.006043453856014606,0.3333333333333333,3
2021-05-10,0.03083348061919755,1.0,1
2021-05-12,-0.02148726122021516,0.0,1
2021-05-14,-0.011948833549710602,0.0,2
2021-05-17,-0.0044268144757046435,0.5,2
2021-05-18,0.0038307912448491965,0.5,2
2021-05-20,-0.018460525987563092,0.0,1
2021-05-27,0.015120456117801107,1.0,1
2021-05-28,0.0002102425540932984,1.0,1
2021-06-01,0.005779488511115871,1.0,2
2021-06-02,0.006825024411084568,1.0,1
2021-06-10,-0.06825010887764871,0.0,1
2021-06-11,-0.03151746026701285,0.0,1
2021-06-14,-0.025551350805816553,0.0,2
2021-06-15,-0.027207844683144466,0.0,2
2021-06-16,-0.016679443271265804,0.0,1
2021-06-17,0.0048322794418426684,0.25,4
2021-06-18,0.010323710530550034,0.8,5
2021-07-02,-0.0013193067924426316,0.0,1
2021-07-06,0.004664298750907125,1.0,1
2021-07-08,0.031258066126192086,1.0,1
2021-07-16,0.02720376659175372,0.5,2
2021-07-19,0.016995791556978723,0.8,5
2021-07-20,0.01870159361780732,1.0,2
2021-07-22,-0.004338507189940444,0.0,1
2021-07-23,0.010351279260317536,1.0,1
2021-07-30,-0.0038622054518098192,0.0,1
2021-08-02,-0.007256289866627519,0.0,1
2021-08-03,-0.009347975919452134,0.25,4
2021-08-04,-0.017325853059712754,0.0,3
2021-08-05,-0.017790627184866015,0.0,2
2021-08-18,-0.008785495192638418,0.3333333333333333,3
2021-08-19,0.02165578919003992,1.0,5
2021-08-20,0.026865422317073746,1.0,3
2021-08-23,-0.003458524045636846,0.0,1
2021-08-27,0.005916105669830252,1.0,1
2021-09-07,-0.0008801044241592004,0.0,1
2021-09-08,-0.01297261668344818,0.0,1
2021-09-09,-0.01276492399966217,0.0,2
2021-09-10,0.005633988685918356,0.25,4
2021-09-13,0.009927507331560633,1.0,3
2021-09-14,0.011981878641257474,0.6666666666666666,3
2021-09-15,0.013364698836695554,1.0,1
2021-09-20,0.005546451408695363,0.6,5
2021-09-21,0.029051838488464488,1.0,4
2021-09-22,0.02203165257375972,1.0,2
2021-09-28,0.024985712242006297,1.0,2
2021-09-29,0.024522195880035347,1.0,2
2021-09-30,0.005344531509421868,0.4,5
2021-10-01,0.008887322052045343,1.0,2
2021-10-04,0.017150128124884433,1.0,5
2021-10-11,-0.033930529956076705,0.0,1
2021-10-12,-0.019379648429303176,0.0,1
2021-10-13,0.012972020470255252,1.0,2
2021-10-14,0.007222675288300229,1.0,2
2021-10-21,-0.008107723729842031,0.5,2
2021-10-22,-0.0290481900938519,0.0,2
2021-10-25,-0.01376704648531396,0.0,2
2021-10-26,-0.0004009117319655475,0.5,2
2021-10-27,-0.02036411371196875,0.25,4
2021-10-28,-0.002563653872684424,0.3333333333333333,3
2021-10-29,0.006271217117261567,0.6666666666666666,3
2021-11-01,0.02295307246403766,1.0,2
2021-11-02,0.022909938025144294,1.0,2
2021-11-05,0.031974902074016986,1.0,1
2021-11-08,0.015414569163614944,1.0,1
2021-11-09,0.0015489058869621042,0.5,2
2021-11-10,-0.027624658318796236,0.0,2
2021-11-11,-0.03876428410203148,0.0,2
2021-11-12,-0.038736090457412,0.0,1
2021-11-15,-0.023870558481786597,0.0,2
2021-11-16,-0.013012045007133488,0.5,2
2021-11-17,-0.007607393326594214,0.3333333333333333,3
2021-11-18,0.038679930473047075,1.0,2
2021-11-19,-0.008427648084928085,0.4,5
2021-11-22,-0.012505863898563696,0.6,5
2021-11-23,-0.04542605495029797,0.0,4
2021-11-24,-0.038183395727477865,0.0,5
2021-11-26,-0.013767047977459156,0.6,5
2021-11-29,0.019661375997870045,0.75,4
2021-11-30,0.00803139258978638,0.6,5
2021-12-01,0.021550831836930275,0.8,5
2021-12-02,0.0032947313685200317,0.6,5
2021-12-03,-0.022989334195587907,0.0,3
2021-12-06,-0.03463990777191561,0.5,2
2021-12-07,-0.03219164384541329,0.0,1
2021-12-14,0.0266911376823884,1.0,1
2021-12-15,0.038215583873276726,1.0,1
2021-12-16,0.06149459945008373,1.0,1
2021-12-17,0.028661993779646178,1.0,4
2021-12-20,-0.0002329710790066386,0.4,5
2021-12-22,0.006997530483985326,1.0,2
2021-12-23,0.0022451164038472804,1.0,1
2022-01-04,0.004154653622230831,0.5,2
2022-01-05,0.018221972214067017,1.0,4
2022-01-06,0.0006863346744779009,0.75,4
2022-01-07,-0.0027758505067152937,0.6,5
2022-01-10,-0.008197711736896207,0.4,5
2022-01-11,0.011506621348382118,0.8,5
2022-01-12,0.002946963711608186,0.3333333333333333,3
2022-01-13,0.02190235684702596,0.75,4
2022-01-14,0.016313383246564117,0.75,4
2022-01-18,0.026609339241921926,1.0,5
2022-01-19,0.040436099813317486,0.8,5
2022-01-20,0.001207609661789988,0.6,5
2022-01-21,0.008530608208344814,0.8,5
2022-01-24,-0.000630270071817729,0.8,5
2022-01-25,0.006268013868422706,0.6,5
2022-01-26,-0.01408359054194801,0.4,5
2022-01-27,-0.009324189217468715,0.2,5
2022-01-28,-0.022718324646849086,0.0,3
2022-01-31,-0.011095074635440313,0.0,3
2022-02-01,-0.025545098167816693,0.0,1
2022-02-03,-0.011380689367221142,0.3333333333333333,3
2022-02-04,-0.0051866782463921846,0.0,1
2022-02-07,-0.020975389335790517,0.0,2
2022-02-08,0.003657468232386607,0.5,2
2022-02-09,0.009193640118420388,0.5,2
2022-02-10,0.04414647992623333,1.0,1
2022-02-11,0.03724235140131471,1.0,1
2022-02-14,-0.01587493637289028,0.0,2
2022-02-15,-0.006430605709387693,0.0,1
2022-02-16,-0.01995625082271631,0.0,3
2022-02-17,0.010818731862907383,0.75,4
2022-02-18,-0.009436772614797362,0.5,2
2022-02-22,0.0055951221398914674,0.5,4
2022-02-23,0.023744891230912613,0.8,5
2022-02-24,0.02370695426215792,0.8,5
2022-02-25,0.036779865451710525,1.0,1
2022-02-28,0.010599902111531426,0.6666666666666666,3
2022-03-01,-0.040308463888862334,0.0,5
2022-03-02,-0.01799692391819596,0.0,1
2022-03-03,-0.031521614578685686,0.0,2
2022-03-04,-0.0008080338417809418,0.4,5
2022-03-07,0.05223345991604913,1.0,5
2022-03-08,0.02861356262613519,0.6,5
2022-03-09,0.024476838735905736,0.6,5
2022-03-10,0.0036064579858315683,0.6,5
2022-03-11,-0.026866829503054367,0.2,5
2022-03-14,-0.023161777123064532,0.4,5
2022-03-15,-0.018247467553525132,0.0,1
2022-03-16,0.03289927071758414,1.0,1
2022-03-17,0.015167445623174292,1.0,1
2022-03-18,0.009779123719165006,0.5,2
2022-03-22,-0.021700035595715983,0.0,1
2022-03-24,-0.054646098437764024,0.0,1
2022-03-25,-0.02880080530076845,0.0,1
2022-03-31,0.017780237635842355,1.0,1
2022-04-01,-0.010844161574477873,0.0,1
2022-04-05,-0.04444965875455383,0.3333333333333333,3
2022-04-06,-0.028763103836968985,0.2,5
2022-04-07,-0.09739373935854978,0.0,1
2022-04-08,-0.006142798682870006,0.3333333333333333,3
2022-04-11,-0.001954352132062165,0.4,5
2022-04-12,0.0031317185487831135,0.8,5
2022-04-13,0.023923212522204085,1.0,1
2022-04-14,-0.0061627588291343445,0.6666666666666666,3
2022-04-18,0.030075858197859406,1.0,2
2022-04-19,0.04515956577026781,1.0,1
2022-04-20,0.03829419467853068,1.0,1
2022-04-21,0.018622783036807533,0.6666666666666666,3
2022-04-22,-0.0023134333024633857,0.6,5
2022-04-25,0.002362753860985537,0.6666666666666666,3
2022-04-26,-0.023796232439755594,0.4,5
2022-04-27,0.006310623740999022,0.6,5
2022-04-28,0.026238785832569927,1.0,3
2022-04-29,-0.0004232787750871214,0.8,5
2022-05-02,0.00608264112775343,0.6,5
2022-05-03,0.017641755833184558,0.75,4
2022-05-04,-0.07861257287416912,0.0,1
2022-05-05,0.01624151104760361,0.6,5
2022-05-06,0.009295318649649997,1.0,2
2022-05-09,0.005111389732942872,0.8,5
2022-05-10,0.018270097693476338,0.8,5
2022-05-11,-0.010445751442405005,0.4,5
2022-05-12,0.012585680219379225,0.6,5
2022-05-13,-0.019436417789540156,0.0,3
2022-05-17,-0.019627713694143956,0.0,1
2022-05-18,0.013898110591729074,0.5,4
2022-05-19,0.024371238744295188,0.8,5
2022-05-20,0.0016986148614363205,0.4,5
2022-05-23,-0.01128980901560006,0.25,4
2022-05-24,0.03661427874980845,0.6,5
2022-05-25,-0.009699467544331819,0.0,1
2022-06-08,0.015290088700106508,1.0,1
2022-06-09,0.018323097899065343,0.8,5
2022-06-10,0.012660604324482216,1.0,5
2022-06-13,0.055856788275485035,0.8,5
2022-06-14,0.01311994442281077,0.8,5
2022-06-15,-0.04852577221400216,0.2,5
2022-06-16,-0.03685047468048293,0.2,5
2022-06-17,-0.023734108810204678,0.4,5
2022-06-21,-0.044956713359632694,0.0,1
2022-06-22,-0.030481503155196377,0.0,2
2022-06-23,0.00635901202584066,0.6666666666666666,3
2022-06-24,0.03468100635208815,1.0,1
2022-07-01,0.031748922898877284,1.0,3
2022-07-05,0.007159698228969447,1.0,1
2022-07-06,0.006150640813978259,0.5,2
2022-07-13,-0.07342648902627802,0.0,1
2022-07-14,0.023920425706340787,0.5,2
2022-07-15,-0.024324651254728824,0.0,1
2022-07-18,-0.003463542386946239,0.0,1
2022-07-19,0.0007465509123768532,0.5,2
2022-07-20,-0.01634716508409373,0.0,1
2022-07-21,-0.032251197302804124,0.0,2
2022-07-22,-0.018477086270563287,0.0,3
2022-07-25,-0.00805504351483366,0.0,2
2022-07-26,0.004609281145107835,0.5,2
2022-07-27,-0.02408598785115279,0.0,1
2022-07-29,-0.02892977325066859,0.0,1
2022-08-02,-0.04943989858456632,0.0,1
2022-08-03,-0.04485669576115403,0.0,1
2022-08-04,-0.01601511951766932,0.0,1
2022-08-05,0.00745428705918294,1.0,1
2022-08-22,-0.08106467666469719,0.0,1
2022-08-23,-0.017433587064421247,0.5,4
2022-08-26,-0.008664567546109558,0.4,5
2022-08-29,-0.028380804451028124,0.0,3
2022-08-30,-0.02509664508809939,0.0,2
2022-08-31,-0.011156445653018588,0.2,5
2022-09-01,-0.005608245888378827,0.6,5
2022-09-02,0.015119538768035845,1.0,1
2022-09-06,-0.004436769393650586,0.6,5
2022-09-14,0.026352458590815364,1.0,1
2022-09-15,0.029494803414279902,1.0,3
2022-09-16,0.02178804624997638,1.0,4
2022-09-19,0.02114617283531941,0.8,5
2022-09-22,0.004837097736236529,0.5,2
2022-09-23,0.01077284143635271,0.6,5
2022-09-26,0.03298466244644231,1.0,5
2022-09-27,0.015997426100665457,0.6,5
2022-09-28,-0.019660850023069942,0.0,2
2022-09-29,-0.010147192146139905,0.2,5
2022-09-30,-0.009654337084609877,0.2,5
2022-10-03,0.007047171304074118,0.5,2
2022-10-10,-0.003595662993420845,0.0,1
2022-10-11,0.028940257571378768,0.6,5
2022-10-12,0.010848974753934426,0.8,5
2022-10-28,-0.08763216320628986,0.0,1
2022-10-31,-0.10005446647542149,0.0,1
2022-11-01,-0.02709170688178425,0.5,2
2022-11-02,-0.0629413707041998,0.0,1
2022-11-03,0.018257047536271553,1.0,1
2022-11-04,0.04716072570852078,1.0,3
2022-11-07,0.04427815527981934,1.0,3
2022-11-08,0.03238799372492296,1.0,1
2022-11-09,0.03611822744945403,1.0,2
2022-11-14,0.00803723007492918,1.0,1
2022-11-15,0.036381350129957024,1.0,1
2022-11-16,0.0179352545955056,1.0,1
2022-11-17,0.022773836804478975,1.0,1
2022-12-05,-0.004520940465737144,0.0,1
2022-12-06,-0.003035547802912486,0.0,1
2022-12-07,0.01685397973444669,1.0,1
2022-12-08,0.01906398674796994,1.0,1
2022-12-09,0.029738350204914443,1.0,1
2022-12-19,0.002438731869481625,0.75,4
2022-12-20,-0.01792152044078882,0.5,2
2023-01-04,-0.052646091998926337,0.0,1
2023-01-05,-0.03468466963348238,0.0,1
2023-01-06,-0.02772770559547022,0.0,1
2023-01-09,-0.035712510203017134,0.0,1
2023-01-10,-0.022412202477646193,0.0,1
2023-01-13,-0.03486702660768115,0.0,1
2023-01-19,-0.043724190437503974,0.3333333333333333,3
2023-01-20,-0.018044740228903938,0.6666666666666666,3
2023-01-23,0.003186057262753117,0.5,2
2023-01-24,-0.013370013553618887,0.0,2
2023-01-25,-0.00015687852191437202,0.0,1
2023-01-27,-0.039595813766980736,0.0,1
2023-01-30,-0.0014585595469678303,0.5,2
2023-02-02,0.03149464056899387,1.0,2
2023-02-09,0.005634772217072925,0.5,2
2023-02-21,-0.012829878627623192,0.5,2
2023-02-22,-0.005440722397854462,0.3333333333333333,3
2023-02-23,0.008124703959162316,0.5,2
2023-02-24,0.008373298526096251,0.5,2
2023-02-27,0.008657468730738138,0.5,2
2023-03-01,-0.008033108050766291,0.0,1
2023-03-02,0.007774045276822239,1.0,1
2023-03-09,-0.014963359996560177,0.0,2
2023-03-10,-0.060684076164319235,0.0,5
2023-03-13,-0.0383747112254087,0.0,5
2023-03-14,-0.026295689114222087,0.0,4
2023-03-15,-0.0016818717857743025,0.4,5
2023-03-16,0.008710148801689466,1.0,2
2023-03-17,-0.00025871166340091234,0.5,2
2023-04-19,0.016930780683901303,1.0,1
2023-04-20,0.0015859739877236434,0.5,2
2023-04-21,0.0018365433704852219,0.5,2
2023-04-24,0.03641661435619703,1.0,1
2023-04-25,-0.00406435248775372,0.5,2
2023-05-12,-0.0240373726647074,0.0,1
2023-05-15,-0.025194480421690035,0.0,1
2023-05-16,-0.04878808800768947,0.0,2
2023-05-17,-0.029913138725161437,0.0,1
2023-05-22,-0.037130766106877856,0.0,3
2023-05-23,-0.04330588150454584,0.0,1
2023-05-24,-0.050662550113283134,0.0,3
2023-05-25,-0.023731489904481595,0.0,5
2023-05-26,-0.008883684817948989,0.0,3
2023-05-30,-0.010988026255611016,0.0,1
2023-05-31,0.03970754523202136,1.0,2
2023-06-15,0.04506237591882867,1.0,1
2023-06-16,0.06311432677706874,1.0,1
2023-06-20,0.030367868404349352,1.0,1
2023-06-23,0.0056594463235310295,1.0,3
2023-06-26,0.007172772218432044,0.5,2
2023-07-06,0.003553003447929637,1.0,1
2023-07-07,-0.015376766174368783,0.5,2
2023-07-10,-0.07456403773779163,0.0,3
2023-07-11,-0.07802865440662626,0.0,2
2023-07-12,-0.04041918806062578,0.0,2
2023-07-13,-0.01019813517514917,0.5,2
2023-07-17,0.04784862704423021,1.0,2
2023-07-18,0.058295297250993805,1.0,1
2023-07-25,0.016635357451429966,1.0,1
2023-07-27,0.0016348750596580919,0.5,2
2023-07-28,0.0005074888583591064,0.5,2
2023-07-31,-0.007869260405887313,0.0,1
2023-08-01,-0.013198338434600165,0.0,1
2023-08-02,-0.009243078125083737,0.0,1
2023-08-04,-0.020482067455536934,0.0,1
2023-08-07,0.009179372376686534,1.0,1
2023-08-08,-1.1648409622533329e-05,0.0,1
2023-08-09,0.004615810390024455,1.0,1
2023-08-10,-0.0007332880526665919,0.0,1
2023-08-21,-0.02606954180162313,0.0,1
2023-08-22,-0.03542840736472219,0.0,1
2023-08-23,-0.003481508339568784,0.5,2
2023-08-24,-0.020241134546352624,0.5,2
2023-08-25,-0.06020853407498106,0.0,1
2023-09-01,0.019657105013920484,1.0,1
2023-09-06,0.037195854030222186,1.0,1
2023-09-07,-0.016396830849101818,0.0,2
2023-09-08,-0.012965180391017794,0.0,1
2023-09-11,0.002998374940444082,1.0,1
2023-09-12,0.023066301166111303,1.0,1
2023-09-18,-0.0361596295142701,0.0,1
2023-09-19,-0.02533854314837236,0.0,1
2023-09-20,0.013009098611432346,0.5,2
2023-09-21,0.0002727473058088403,0.4,5
2023-09-22,0.005040678268871357,0.4,5
2023-09-25,0.009874977948145541,0.75,4
2023-09-26,-0.0011605909901824195,0.6,5
2023-09-27,-0.009224632531982958,0.2,5
2023-09-28,0.0004908172317091286,0.5,2
2023-09-29,-0.024011711154142357,0.3333333333333333,3
2023-10-02,-0.018844579856916233,0.3333333333333333,3
2023-10-03,-0.0324819406997931,0.0,2
2023-10-04,-0.04296456338867999,0.0,2
2023-10-05,-0.015563822411908642,0.3333333333333333,3
2023-10-06,-0.006733994540482902,0.0,2
2023-10-09,0.001726161009284466,1.0,1
2023-10-18,0.01954504882380892,1.0,1
2023-10-19,-0.00921190171610109,0.0,2
2023-10-20,-0.004759718856877593,0.5,4
2023-10-23,-0.001352396160902325,0.2,5
2023-10-24,-0.008660988518661861,0.4,5
2023-10-25,0.01754680875482595,0.5,2
2023-10-26,0.01260110632141572,0.6666666666666666,3
2023-10-27,-0.01440812778280015,0.25,4
2023-10-30,-0.04213592808951838,0.0,1
2023-10-31,-0.02969648928512225,0.0,2
2023-11-01,-0.045493222349155205,0.0,1
2023-11-16,-0.007866204848705816,0.0,2
2023-11-17,-0.0018355383309159867,0.5,2
2023-11-20,0.004927955994328714,0.5,2
2023-11-21,0.00036454092300164387,0.5,2
2023-11-22,0.0033842919212991873,1.0,2
2023-12-05,-0.02201305501169759,0.0,1
2023-12-06,0.04534957046745336,1.0,1
2023-12-07,-0.04263193304757895,0.0,1
2023-12-08,-0.02803747159055392,0.0,1
2023-12-11,-0.019202066875555257,0.0,1
2023-12-20,0.0005843779080816347,0.5,2
2023-12-22,-0.011679904940802843,0.0,1
2023-12-26,-0.022422651513270164,0.0,1
2023-12-27,-0.025715331893770288,0.0,1
2023-12-28,-0.04353944677969379,0.0,1
2023-12-29,-0.04409893319069169,0.0,1
2024-01-02,-0.0052957567937022,0.0,1
2024-01-03,-0.018759542055720835,0.3333333333333333,3
2024-01-04,0.0004396735880682234,0.6,5
2024-01-05,0.031980404114607786,1.0,4
2024-01-08,-0.1250620876450962,0.0,1
2024-01-09,-0.09719397272058306,0.0,1
2024-01-10,-0.04474352058749853,0.0,2
2024-01-11,-0.04707609705755744,0.0,1
2024-01-12,-0.02692639294495003,0.0,1
2024-01-16,0.033849278399602944,1.0,1
2024-01-17,0.026778735564612743,1.0,1
2024-01-18,-0.07019957826363588,0.0,1
2024-01-19,-0.011037644808315261,0.0,1
2024-01-23,-0.016078756693773566,0.0,1
2024-01-24,0.01707587207575445,1.0,1
2024-01-25,0.011161708162338968,0.5,2
2024-01-26,-0.02068302869594903,0.3333333333333333,3
2024-01-29,-0.03374438431777044,0.0,2
2024-01-30,-0.010488449021378354,0.0,1
2024-01-31,-0.021416524028926465,0.0,2
2024-02-01,-0.030851397677526038,0.0,2
2024-02-05,-0.0010245696732933407,0.5,2
2024-02-06,0.001047672948879974,0.6666666666666666,3
2024-02-07,0.003023399883033573,1.0,1
2024-02-08,0.009633458779743087,1.0,1
2024-02-09,0.02275762303946849,1.0,1
2024-02-16,-0.0043600643729124755,0.0,1
2024-02-28,-0.05843094526501047,0.0,1
2024-02-29,-0.04327029314393771,0.0,1
2024-03-01,-0.011117831737573358,0.5,2
2024-03-04,0.004385667178391894,0.5,2
2024-03-05,-0.001388929524150817,0.5,4
2024-03-06,0.0052549583317615944,0.5,4
2024-03-07,0.023396665608485412,1.0,1
2024-03-08,0.01476356211264851,1.0,1
2024-03-12,-0.01475538429410228,0.0,1
2024-03-13,0.008958716840688608,0.5,2
2024-03-14,0.007194438853843632,0.5,2
2024-03-15,0.0012423325162920218,0.5,2
2024-03-18,-0.013329913567840412,0.0,1
2024-03-19,-0.014931735908686239,0.0,2
2024-03-26,-0.019794225247657005,0.0,2
2024-03-27,0.0013138391122212711,1.0,1
2024-03-28,-0.021951202482655807,0.5,2
2024-04-01,-0.009660681272907534,0.0,1
2024-04-02,-0.001377044029111596,0.5,2
2024-04-03,-0.0031648218038560585,0.3333333333333333,3
2024-04-04,-0.021123361196474,0.0,5
2024-04-05,-0.01708520116013512,0.4,5
2024-04-08,0.007139845829600033,0.8,5
2024-04-09,-0.023599623826267457,0.0,1
2024-04-10,0.008132002945805517,1.0,1
2024-04-11,0.012661561813284483,0.5,2
2024-04-12,0.02638716258376712,0.8,5
2024-04-15,0.015491195083977272,1.0,5
2024-04-16,0.023078314099595043,0.8,5
2024-04-17,0.016645537995569448,0.5,4
2024-04-18,0.0009358208499717913,0.4,5
2024-04-19,0.0212542315798979,0.4,5
2024-04-22,0.08292025988056362,1.0,1
2024-04-23,-0.002820453138783985,0.0,1
2024-04-25,-0.01933750919918703,0.0,2
2024-04-26,-0.014457882102703379,0.0,1
2024-04-29,-0.015457471771812892,0.0,2
2024-04-30,-0.004555621046626268,0.5,4
2024-05-01,-0.008196588797172333,0.4,5
2024-05-02,-0.010078359933882656,0.6666666666666666,3
2024-05-03,0.011530531260473431,1.0,1
2024-05-09,-0.03934716482838607,0.0,1
2024-05-10,-0.04054079866961302,0.0,1
2024-05-13,-0.045251375916602665,0.0,1
2024-05-21,-0.008422048035295782,0.0,1
2024-05-22,-0.002315323948502812,0.5,2
2024-05-23,0.011386162035585734,1.0,2
2024-05-24,0.009945718156033215,1.0,3
2024-05-28,-0.01033736668467855,0.8,5
2024-05-29,0.009276087692077573,0.6,5
2024-05-30,0.02611769652922873,0.8,5
2024-05-31,0.023644540033780137,1.0,2
2024-06-03,0.0022685275385313877,0.6666666666666666,3
2024-06-04,-0.003546688539460663,0.5,2
2024-06-05,-0.015598667005114364,0.0,1
2024-06-11,-0.00020280829870045203,0.0,1
2024-06-12,0.017121552468735146,1.0,1
2024-06-13,0.03306277488817466,1.0,1
2024-06-14,0.02322040328413333,1.0,2
2024-06-24,0.04761821689803947,1.0,1
2024-06-27,-0.0009947741707245772,0.0,1
2024-06-28,-0.017397720380323556,0.0,4
2024-07-01,-0.021900192479986803,0.0,5
2024-07-02,-0.035228993787125885,0.0,3
2024-07-03,-0.009001295014556654,0.5,2
2024-07-05,-0.03629310296809318,0.0,1
2024-07-17,-0.0059392926803339225,0.0,3
2024-07-18,0.021610786845039365,1.0,2
2024-07-19,0.0030730206564952844,0.5,4
2024-07-22,0.04084274483353464,1.0,3
2024-07-23,0.060581411259591045,1.0,3
2024-07-24,0.02714072459176444,1.0,5
2024-07-25,0.01385660329128049,0.8,5
2024-07-26,0.021537403634644403,1.0,2
2024-07-29,-0.010481212660383377,0.3333333333333333,3
2024-07-30,0.023601375405629055,0.8,5
2024-07-31,0.05671428678166504,1.0,4
2024-08-01,0.02364055117425723,1.0,1
2024-08-02,-0.001393208579173555,0.4,5
2024-08-05,-0.011421683403063154,0.4,5
2024-08-06,-0.0057041270747226315,0.2,5
2024-08-07,-0.006878170262804994,0.4,5
2024-08-08,-0.0026260993364624506,0.4,5
2024-08-09,-0.00614010460363601,0.0,1
2024-09-03,-0.01018713490669317,0.3333333333333333,3
2024-09-04,0.09444569453819263,1.0,1
2024-09-05,0.09402826648588891,1.0,1
2024-09-06,0.01259870432492658,0.4,5
2024-09-09,0.018085259122905328,0.6,5
2024-09-10,0.002499441613829645,0.5,2
2024-09-11,0.002364535736653295,0.5,2
2024-09-12,-0.0024864163401543404,0.0,1
2024-09-13,0.022031256465217863,1.0,1
2024-09-16,0.005088331011863456,1.0,1
2024-09-24,0.022360986846154063,1.0,1
2024-09-25,0.017511455430976763,1.0,2
2024-09-26,0.026857005621985786,1.0,1
2024-09-27,0.007387761610677446,1.0,1
2024-09-30,0.0061686946038793655,1.0,1
2024-10-02,-0.013764390444370278,0.0,1
2024-10-03,-0.015475185101669453,0.0,2
2024-10-04,-0.010412212291635062,0.3333333333333333,3
2024-10-07,0.0003273597979814635,0.4,5
2024-10-08,0.01181521429755844,1.0,4
2024-10-17,-0.003881775547969979,0.0,1
2024-10-21,-0.006104136865558107,0.0,1
2024-10-22,-0.013035005562934854,0.0,2
2024-10-23,-0.022218876677863902,0.0,4
2024-10-24,-0.007778694548372389,0.4,5
2024-10-25,0.0011675061902323592,0.4,5
2024-10-28,0.0041540160469857755,0.6,5
2024-10-29,0.00662817168206391,0.6,5
2024-10-30,-0.00613428319547954,0.5,4
2024-10-31,-0.03333476149792021,0.0,5
2024-11-01,-0.04110013243571592,0.0,2
2024-11-04,-0.018332465196466103,0.3333333333333333,3
2024-11-05,-0.019221844212232497,0.0,2
2024-11-06,0.0012686368455489538,0.5,2
2024-11-07,-0.013641944672390216,0.0,1
2024-11-11,-0.005954312377033366,0.0,1
2024-11-12,0.007410482546613362,1.0,2
2024-11-13,0.0035831914501041062,0.5,2
2024-11-14,0.022063588903980857,1.0,3
2024-11-15,0.015892054069168826,1.0,2
2024-11-18,0.011491673080967324,1.0,1
2024-11-19,0.03409555807235254,1.0,1
2024-11-20,-9.712363980840522e-06,0.0,1
2024-11-21,0.03298045786538961,1.0,1
2024-12-04,-0.0024472572271242443,0.5,2
2024-12-05,-0.01265068247907064,0.0,2
2024-12-06,-0.013649638802744146,0.2,5
2024-12-09,-0.03722122663426406,0.0,5
2024-12-10,-0.08104860947607845,0.0,2
2024-12-11,-0.015399955895352091,0.0,2
2024-12-12,0.0013605858905172778,0.6666666666666666,3
2024-12-13,-0.0008779326780482544,0.0,1
2024-12-16,0.00047090839925392205,0.4,5
2024-12-17,0.011726752960123377,0.5,2
2024-12-18,-0.0010337419327585806,0.4,5
2024-12-19,0.0031611880481480894,0.6,5
2024-12-20,2.3587105451805535e-05,0.3333333333333333,3
2024-12-23,0.010069874048001304,1.0,2
2024-12-24,-0.001210114307343746,0.0,1
2025-01-02,0.008935481725314368,0.6666666666666666,3
2025-01-03,-0.017647734035563745,0.0,3
2025-01-06,0.01660139104644398,1.0,2
2025-01-07,-0.01727975348948907,0.0,1
2025-01-08,-0.01351774957513252,0.0,1
2025-01-10,-0.002256611910874525,0.3333333333333333,3
2025-01-13,-0.008058521757497697,0.3333333333333333,3
2025-01-14,-0.0038095834710830667,0.5,2
2025-01-16,-0.051608861405034845,0.0,1
2025-01-21,0.0389277418109395,1.0,2
2025-01-23,0.07000651474544939,1.0,1
2025-01-24,0.04433845466930053,1.0,1
2025-01-27,-0.012192879276084034,0.0,1
2025-01-29,0.005130502183607,1.0,1
2025-01-30,0.0008563417993201113,0.3333333333333333,3
2025-01-31,0.017818899107066206,0.3333333333333333,3
2025-02-03,0.005102323488236508,0.3333333333333333,3
2025-02-04,-0.021788449359281408,0.0,3
2025-02-05,-0.02319957668579427,0.0,3
2025-02-06,-0.019764448932715045,0.3333333333333333,3
2025-02-07,-0.014503633900339522,0.3333333333333333,3
2025-02-10,-0.0301265827112841,0.0,2
2025-02-11,0.006112433294972908,1.0,1
2025-02-12,-0.0003171408622476002,0.5,2
2025-02-14,0.06744963991853326,1.0,1
2025-02-19,0.017485478137471366,1.0,1
2025-02-20,0.03717824179888296,1.0,1
2025-02-21,0.023549854027415097,0.8,5
2025-02-24,0.029291469281218306,0.8,5
2025-02-25,-0.01403089556746866,0.4,5
2025-02-26,0.002538308760453978,0.4,5
2025-02-27,-0.01960494824976695,0.2,5
2025-03-03,-0.022347991959750013,0.0,1
2025-03-04,-0.021699121467876392,0.5,2
2025-03-05,0.028188739267406393,1.0,1
2025-03-06,-0.02429901186189749,0.2,5
2025-03-07,-0.0014259665828050493,0.2,5
2025-03-10,-0.003232130194835836,0.2,5
2025-03-11,0.0020553428287729326,0.6,5
2025-03-12,0.013248993121940878,0.8,5
2025-03-13,0.00520525875687552,0.4,5
2025-03-14,0.006002383250025556,0.6,5
2025-03-17,-0.004620904594603492,0.4,5
2025-03-18,-0.054717432776633323,0.0,1
2025-03-24,-0.032431704470024525,0.0,1
2025-03-25,0.00753687230555905,0.5,2
2025-03-26,-0.007343228399307622,0.0,2
2025-03-27,-0.03099327257807538,0.5,2
2025-03-31,-0.010262512276848268,0.3333333333333333,3
2025-04-01,-0.0004136217885064575,0.5,4
2025-04-02,-9.138413294207393e-05,0.0,1
2025-04-03,0.006899478637351275,0.6,5
2025-04-04,-0.01596074427110903,0.2,5
2025-04-07,-0.02185512963062488,0.4,5
2025-04-08,-0.003726032862421991,0.4,5
2025-04-09,0.008785881469873424,0.8,5
2025-04-10,0.029614705603320645,1.0,5
2025-04-16,0.024230880237057308,0.8,5
2025-04-17,-0.12413760830546683,0.0,1
2025-04-21,0.010929021671946648,0.8,5
2025-04-22,-0.035249072662444536,0.5,2
2025-04-23,-0.07431198911556092,0.0,1
2025-04-24,-0.04791586029493394,0.0,2
2025-04-25,-0.008995097763652316,0.5,2
2025-05-06,-0.08066996257122372,0.0,1
2025-05-07,-0.04185463751701718,0.5,2
2025-05-08,-0.027959050380823913,0.5,2
2025-05-09,-0.05172670707549831,0.0,1
2025-05-13,0.025595892368889112,1.0,3
2025-05-14,0.03728405361755521,0.75,4
2025-05-15,0.06318583140200207,1.0,2
2025-05-16,0.03793365785805969,1.0,1
2025-05-19,-0.059910684746195764,0.0,1
2025-05-23,0.0002171744740270265,0.5,2
2025-06-10,-0.0016306015274586416,0.5,2
2025-06-13,-0.03567943818316832,0.0,2
2025-06-17,-0.0013502473755092985,0.3333333333333333,3
2025-06-18,-0.018151780612952705,0.0,5
2025-06-20,-0.011599916335237825,0.0,5
2025-06-23,-0.020190899985349064,0.0,2
2025-07-11,-0.025091017189726728,0.0,1
2025-07-14,0.0019216915504240983,1.0,1
2025-07-24,-0.00907056734847563,0.3333333333333333,3
2025-07-25,-0.00903584649536332,0.0,2
2025-07-28,-0.0336065686966206,0.0,1
2025-07-29,-0.012382271488591834,0.5,2
2025-07-30,-0.01927729279687357,0.0,2
2025-07-31,0.02416723198403503,1.0,2
2025-08-01,-0.012313656950015118,0.4,5
2025-08-04,0.03275797229195428,1.0,3
2025-08-05,-0.037363272601756814,0.5,2
2025-08-11,0.019320808149780433,1.0,2
2025-08-12,0.03221041572278194,1.0,1
2025-08-15,0.014012224986368116,1.0,1
2025-08-18,0.004128224237438305,1.0,1
2025-08-19,0.016053956632568145,1.0,1
2025-08-20,0.00646627518236631,1.0,1
2025-08-25,0.02195235246287719,1.0,1
2025-08-26,0.037495088175470204,1.0,1
2025-08-27,0.04662803217716882,1.0,1
2025-09-15,-0.005926963954071329,0.0,1
2025-09-24,-0.004264797627697381,0.0,2
2025-10-07,0.001207693708567048,0.5,2
2025-10-08,-0.010953245268259582,0.0,1
2025-10-09,0.0009560177849360363,0.5,2
2025-10-10,0.0005165101219657631,0.8,5
2025-10-13,-0.03143109996958915,0.0,1
2025-10-14,0.007684134355364192,1.0,1
2025-10-15,-0.0075167784177028185,0.0,1
2025-10-16,0.011955544552110231,1.0,1
2025-10-23,0.0025700394403822546,1.0,1
2025-10-30,-0.0038893225979179658,0.0,1
2025-10-31,-0.015627785891212942,0.0,1
2025-11-03,-0.010118148674365002,0.5,4
2025-11-04,-0.00948149022268352,0.3333333333333333,3
2025-11-05,-0.0007122129592036508,0.0,1
2025-11-06,0.009871361372819631,1.0,1
2025-11-07,0.01432707630413832,1.0,1
2025-11-10,0.0037801203868370603,1.0,1
2025-11-17,-0.0023205337163973994,0.3333333333333333,3
2025-11-18,0.022524833239670628,1.0,5
2025-11-19,0.011641965365132512,0.8,5
2025-11-20,0.0008478606136828936,0.4,5
2025-11-21,0.004234947488315877,0.6666666666666666,3
2025-11-24,0.023659338080599168,1.0,2
2025-12-04,-0.026004806096058486,0.0,1
2025-12-05,0.01731352181603707,1.0,2
2025-12-08,0.053324131465947944,1.0,1
2025-12-09,0.04606780534469135,1.0,1
2025-12-10,0.08066240812300396,1.0,1
2025-12-17,0.0044812932969006125,0.5,2
2025-12-18,0.009885583278969712,1.0,1
2025-12-19,0.031915044819997185,1.0,1
2025-12-22,0.030518564838491802,0.5,2
2025-12-23,0.11987135130391124,1.0,1
2026-01-05,0.012159079103138293,1.0,1
2026-01-06,0.047284770125347375,1.0,1
2026-01-07,0.05784073226518083,1.0,2
2026-01-13,-0.016706424353744566,0.4,5
2026-01-14,-0.02073995946625511,0.0,5
2026-01-15,-0.01066436093092491,0.2,5
2026-01-16,-0.002104080197037339,0.4,5
2026-01-20,-0.020415162360904238,0.2,5
2026-01-21,0.023268110819059773,0.6666666666666666,3
2026-01-22,-0.0338025061859496,0.0,1
2026-01-23,0.0140138198661659,1.0,1
2026-01-27,0.013804604099119988,1.0,1
2026-01-28,-0.04828783037455586,0.0,1
2026-01-29,-0.05756221920557303,0.0,1
2026-01-30,0.009844228259596818,0.3333333333333333,3
2026-02-02,-0.04366872915260792,0.0,3
2026-02-03,-0.008711378531475134,0.5,2
2026-02-04,-0.010096003960900601,0.3333333333333333,3
2026-02-05,-0.03018185681123218,0.4,5
2026-02-06,-0.008120152998484564,0.6666666666666666,3
