week,start_date,mean_excess_5d,n_picks,cum_excess
2016-01-05/2016-01-11,,0.0,0.0,0.0
2016-01-12/2016-01-18,,0.0,0.0,0.0
2016-01-19/2016-01-25,,0.0,0.0,0.0
2016-01-26/2016-02-01,,0.0,0.0,0.0
2016-02-02/2016-02-08,,0.0,0.0,0.0
2016-02-09/2016-02-15,,0.0,0.0,0.0
2016-02-16/2016-02-22,,0.0,0.0,0.0
2016-02-23/2016-02-29,,0.0,0.0,0.0
2016-03-01/2016-03-07,,0.0,0.0,0.0
2016-03-08/2016-03-14,2016-03-08,0.0015848529060424887,3.0,0.0015848529060424887
2016-03-15/2016-03-21,2016-03-15,0.023244273385852,3.0,0.024865965046118932
2016-03-22/2016-03-28,2016-03-22,-0.021386001953971667,2.0,0.0029481795150836376
2016-03-29/2016-04-04,,0.0,0.0,0.0029481795150836376
2016-04-05/2016-04-11,,0.0,0.0,0.0029481795150836376
2016-04-12/2016-04-18,,0.0,0.0,0.0029481795150836376
2016-04-19/2016-04-25,,0.0,0.0,0.0029481795150836376
2016-04-26/2016-05-02,,0.0,0.0,0.0029481795150836376
2016-05-03/2016-05-09,,0.0,0.0,0.0029481795150836376
2016-05-10/2016-05-16,2016-05-10,0.006176101038963155,1.0,0.009142488808612903
2016-05-17/2016-05-23,2016-05-17,0.05810514682600876,1.0,0.06777886128920119
2016-05-24/2016-05-30,2016-05-24,0.020420870902434274,1.0,0.08958383556793614
2016-05-31/2016-06-06,2016-05-31,-0.017116178501064727,1.0,0.0709343241464806
2016-06-07/2016-06-13,2016-06-07,0.029067188692939117,1.0,0.10206337422419143
2016-06-14/2016-06-20,,0.0,0.0,0.10206337422419143
2016-06-21/2016-06-27,,0.0,0.0,0.10206337422419143
2016-06-28/2016-07-04,,0.0,0.0,0.10206337422419143
2016-07-05/2016-07-11,,0.0,0.0,0.10206337422419143
2016-07-12/2016-07-18,,0.0,0.0,0.10206337422419143
2016-07-19/2016-07-25,,0.0,0.0,0.10206337422419143
2016-07-26/2016-08-01,2016-07-26,-0.010334447134269842,4.0,0.09067415854465644
2016-08-02/2016-08-08,2016-08-02,0.03865520590447802,1.0,0.13283439271789343
2016-08-09/2016-08-15,,0.0,0.0,0.13283439271789343
2016-08-16/2016-08-22,2016-08-16,0.00031816983136701005,1.0,0.13319482644559133
2016-08-23/2016-08-29,,0.0,0.0,0.13319482644559133
2016-08-30/2016-09-05,,0.0,0.0,0.13319482644559133
2016-09-06/2016-09-12,,0.0,0.0,0.13319482644559133
2016-09-13/2016-09-19,,0.0,0.0,0.13319482644559133
2016-09-20/2016-09-26,,0.0,0.0,0.13319482644559133
2016-09-27/2016-10-03,,0.0,0.0,0.13319482644559133
2016-10-04/2016-10-10,,0.0,0.0,0.13319482644559133
2016-10-11/2016-10-17,,0.0,0.0,0.13319482644559133
2016-10-18/2016-10-24,,0.0,0.0,0.13319482644559133
2016-10-25/2016-10-31,,0.0,0.0,0.13319482644559133
2016-11-01/2016-11-07,,0.0,0.0,0.13319482644559133
2016-11-08/2016-11-14,,0.0,0.0,0.13319482644559133
2016-11-15/2016-11-21,2016-11-15,0.00580462750303698,4.0,0.13977260030147676
2016-11-22/2016-11-28,2016-11-22,0.012538890706197459,2.0,0.15406408436657548
2016-11-29/2016-12-05,2016-11-29,0.04352642198227219,2.0,0.20429636469729973
2016-12-06/2016-12-12,2016-12-06,-0.02066690611143455,3.0,0.1794072847977588
2016-12-13/2016-12-19,,0.0,0.0,0.1794072847977588
2016-12-20/2016-12-26,2016-12-20,-0.0012035223897631786,1.0,0.17798784172385496
2016-12-27/2017-01-02,2016-12-27,-0.11158143704097634,1.0,0.04654626552750907
2017-01-03/2017-01-09,2017-01-03,0.03830476264205229,1.0,0.08663397182246646
2017-01-10/2017-01-16,2017-01-10,-0.03434152704720794,1.0,0.04931730188871031
2017-01-17/2017-01-23,,0.0,0.0,0.04931730188871031
2017-01-24/2017-01-30,,0.0,0.0,0.04931730188871031
2017-01-31/2017-02-06,2017-01-31,0.007835876630711391,1.0,0.05753962281278113
2017-02-07/2017-02-13,,0.0,0.0,0.05753962281278113
2017-02-14/2017-02-20,,0.0,0.0,0.05753962281278113
2017-02-21/2017-02-27,,0.0,0.0,0.05753962281278113
2017-02-28/2017-03-06,,0.0,0.0,0.05753962281278113
2017-03-07/2017-03-13,,0.0,0.0,0.05753962281278113
2017-03-14/2017-03-20,,0.0,0.0,0.05753962281278113
2017-03-21/2017-03-27,,0.0,0.0,0.05753962281278113
2017-03-28/2017-04-03,,0.0,0.0,0.05753962281278113
2017-04-04/2017-04-10,,0.0,0.0,0.05753962281278113
2017-04-11/2017-04-17,,0.0,0.0,0.05753962281278113
2017-04-18/2017-04-24,,0.0,0.0,0.05753962281278113
2017-04-25/2017-05-01,,0.0,0.0,0.05753962281278113
2017-05-02/2017-05-08,,0.0,0.0,0.05753962281278113
2017-05-09/2017-05-15,,0.0,0.0,0.05753962281278113
2017-05-16/2017-05-22,2017-05-16,0.0017330457401538713,1.0,0.0593723873511407
2017-05-23/2017-05-29,2017-05-23,0.047628526991075004,1.0,0.10982873369569401
2017-05-30/2017-06-05,2017-05-30,0.009968977162500448,1.0,0.1208925909961931
2017-06-06/2017-06-12,2017-06-06,0.022045696510698987,1.0,0.14560344887838617
2017-06-13/2017-06-19,,0.0,0.0,0.14560344887838617
2017-06-20/2017-06-26,,0.0,0.0,0.14560344887838617
2017-06-27/2017-07-03,,0.0,0.0,0.14560344887838617
2017-07-04/2017-07-10,,0.0,0.0,0.14560344887838617
2017-07-11/2017-07-17,,0.0,0.0,0.14560344887838617
2017-07-18/2017-07-24,,0.0,0.0,0.14560344887838617
2017-07-25/2017-07-31,,0.0,0.0,0.14560344887838617
2017-08-01/2017-08-07,2017-08-01,0.018028627410190068,2.0,0.16625710661804338
2017-08-08/2017-08-14,2017-08-08,0.0016553662165559313,1.0,0.1681876892321572
2017-08-15/2017-08-21,,0.0,0.0,0.1681876892321572
2017-08-22/2017-08-28,,0.0,0.0,0.1681876892321572
2017-08-29/2017-09-04,,0.0,0.0,0.1681876892321572
2017-09-05/2017-09-11,,0.0,0.0,0.1681876892321572
2017-09-12/2017-09-18,,0.0,0.0,0.1681876892321572
2017-09-19/2017-09-25,2017-09-19,-0.07858536729246712,1.0,0.07638523060730962
2017-09-26/2017-10-02,,0.0,0.0,0.07638523060730962
2017-10-03/2017-10-09,,0.0,0.0,0.07638523060730962
2017-10-10/2017-10-16,,0.0,0.0,0.07638523060730962
2017-10-17/2017-10-23,,0.0,0.0,0.07638523060730962
2017-10-24/2017-10-30,2017-10-24,0.038620415843049205,1.0,0.11795567582068034
2017-10-31/2017-11-06,2017-10-31,0.0173504108073624,3.0,0.1373526660605915
2017-11-07/2017-11-13,2017-11-07,-0.016032502488322997,1.0,0.11911805661187436
2017-11-14/2017-11-20,2017-11-14,-0.028829884124679017,1.0,0.08685401271791804
2017-11-21/2017-11-27,2017-11-21,0.00865188088206148,1.0,0.09625734417214393
2017-11-28/2017-12-04,,0.0,0.0,0.09625734417214393
2017-12-05/2017-12-11,,0.0,0.0,0.09625734417214393
2017-12-12/2017-12-18,2017-12-12,-0.008230063057209636,1.0,0.08723507710267797
2017-12-19/2017-12-25,,0.0,0.0,0.08723507710267797
2017-12-26/2018-01-01,,0.0,0.0,0.08723507710267797
2018-01-02/2018-01-08,,0.0,0.0,0.08723507710267797
2018-01-09/2018-01-15,2018-01-09,-0.005985365110947827,2.0,0.08072757820478893
2018-01-16/2018-01-22,2018-01-16,0.020241927656048486,2.0,0.10260358765870659
2018-01-23/2018-01-29,2018-01-23,0.04099938324333585,2.0,0.14780965471460306
2018-01-30/2018-02-05,2018-01-30,0.011262943509619205,2.0,0.16073737001544908
2018-02-06/2018-02-12,2018-02-06,-0.008004750422014761,1.0,0.1514459570629696
2018-02-13/2018-02-19,,0.0,0.0,0.1514459570629696
2018-02-20/2018-02-26,,0.0,0.0,0.1514459570629696
2018-02-27/2018-03-05,,0.0,0.0,0.1514459570629696
2018-03-06/2018-03-12,2018-03-06,0.00400308637361424,1.0,0.15605529468364154
2018-03-13/2018-03-19,2018-03-13,0.012278342635327066,2.0,0.17024973769715124
2018-03-20/2018-03-26,,0.0,0.0,0.17024973769715124
2018-03-27/2018-04-02,,0.0,0.0,0.17024973769715124
2018-04-03/2018-04-09,,0.0,0.0,0.17024973769715124
2018-04-10/2018-04-16,,0.0,0.0,0.17024973769715124
2018-04-17/2018-04-23,,0.0,0.0,0.17024973769715124
2018-04-24/2018-04-30,,0.0,0.0,0.17024973769715124
2018-05-01/2018-05-07,,0.0,0.0,0.17024973769715124
2018-05-08/2018-05-14,,0.0,0.0,0.17024973769715124
2018-05-15/2018-05-21,,0.0,0.0,0.17024973769715124
2018-05-22/2018-05-28,,0.0,0.0,0.17024973769715124
2018-05-29/2018-06-04,,0.0,0.0,0.17024973769715124
2018-06-05/2018-06-11,,0.0,0.0,0.17024973769715124
2018-06-12/2018-06-18,,0.0,0.0,0.17024973769715124
2018-06-19/2018-06-25,,0.0,0.0,0.17024973769715124
2018-06-26/2018-07-02,,0.0,0.0,0.17024973769715124
2018-07-03/2018-07-09,,0.0,0.0,0.17024973769715124
2018-07-10/2018-07-16,,0.0,0.0,0.17024973769715124
2018-07-17/2018-07-23,,0.0,0.0,0.17024973769715124
2018-07-24/2018-07-30,,0.0,0.0,0.17024973769715124
2018-07-31/2018-08-06,,0.0,0.0,0.17024973769715124
2018-08-07/2018-08-13,,0.0,0.0,0.17024973769715124
2018-08-14/2018-08-20,,0.0,0.0,0.17024973769715124
2018-08-21/2018-08-27,,0.0,0.0,0.17024973769715124
2018-08-28/2018-09-03,2018-08-28,0.0357052667899771,1.0,0.21203381679252864
2018-09-04/2018-09-10,,0.0,0.0,0.21203381679252864
2018-09-11/2018-09-17,,0.0,0.0,0.21203381679252864
2018-09-18/2018-09-24,,0.0,0.0,0.21203381679252864
2018-09-25/2018-10-01,,0.0,0.0,0.21203381679252864
2018-10-02/2018-10-08,,0.0,0.0,0.21203381679252864
2018-10-09/2018-10-15,,0.0,0.0,0.21203381679252864
2018-10-16/2018-10-22,,0.0,0.0,0.21203381679252864
2018-10-23/2018-10-29,,0.0,0.0,0.21203381679252864
2018-10-30/2018-11-05,,0.0,0.0,0.21203381679252864
2018-11-06/2018-11-12,,0.0,0.0,0.21203381679252864
2018-11-13/2018-11-19,2018-11-13,0.014527609470139535,1.0,0.22964177074749292
2018-11-20/2018-11-26,,0.0,0.0,0.22964177074749292
2018-11-27/2018-12-03,,0.0,0.0,0.22964177074749292
2018-12-04/2018-12-10,,0.0,0.0,0.22964177074749292
2018-12-11/2018-12-17,,0.0,0.0,0.22964177074749292
2018-12-18/2018-12-24,,0.0,0.0,0.22964177074749292
2018-12-25/2018-12-31,,0.0,0.0,0.22964177074749292
2019-01-01/2019-01-07,,0.0,0.0,0.22964177074749292
2019-01-08/2019-01-14,,0.0,0.0,0.22964177074749292
2019-01-15/2019-01-21,,0.0,0.0,0.22964177074749292
2019-01-22/2019-01-28,2019-01-22,-0.007961928775671367,3.0,0.21985145054921107
2019-01-29/2019-02-04,2019-01-29,0.003453603852673459,3.0,0.22406433421851735
2019-02-05/2019-02-11,2019-02-05,-0.012447638482338041,2.0,0.20882762390704146
2019-02-12/2019-02-18,2019-02-12,0.010644117021606725,1.0,0.2216945265948589
2019-02-19/2019-02-25,,0.0,0.0,0.2216945265948589
2019-02-26/2019-03-04,2019-02-26,0.008923778386571324,1.0,0.2325966578062788
2019-03-05/2019-03-11,,0.0,0.0,0.2325966578062788
2019-03-12/2019-03-18,,0.0,0.0,0.2325966578062788
2019-03-19/2019-03-25,,0.0,0.0,0.2325966578062788
2019-03-26/2019-04-01,,0.0,0.0,0.2325966578062788
2019-04-02/2019-04-08,2019-04-02,0.029521932531254347,1.0,0.2689852931762853
2019-04-09/2019-04-15,2019-04-09,-0.015467620276614191,1.0,0.24935711052482668
2019-04-16/2019-04-22,2019-04-16,0.03289686858187535,1.0,0.2904570472015935
2019-04-23/2019-04-29,2019-04-23,0.02317726565220224,1.0,0.3203663129973413
2019-04-30/2019-05-06,2019-04-30,-0.005059192740374918,1.0,0.3136863253319895
2019-05-07/2019-05-13,2019-05-07,0.013934384534106448,1.0,0.33199173574636265
2019-05-14/2019-05-20,,0.0,0.0,0.33199173574636265
2019-05-21/2019-05-27,,0.0,0.0,0.33199173574636265
2019-05-28/2019-06-03,,0.0,0.0,0.33199173574636265
2019-06-04/2019-06-10,,0.0,0.0,0.33199173574636265
2019-06-11/2019-06-17,,0.0,0.0,0.33199173574636265
2019-06-18/2019-06-24,,0.0,0.0,0.33199173574636265
2019-06-25/2019-07-01,,0.0,0.0,0.33199173574636265
2019-07-02/2019-07-08,,0.0,0.0,0.33199173574636265
2019-07-09/2019-07-15,,0.0,0.0,0.33199173574636265
2019-07-16/2019-07-22,2019-07-16,0.050518688107800136,1.0,0.39928221080670045
2019-07-23/2019-07-29,2019-07-23,-0.003495264248663865,1.0,0.3943913497214764
2019-07-30/2019-08-05,,0.0,0.0,0.3943913497214764
2019-08-06/2019-08-12,,0.0,0.0,0.3943913497214764
2019-08-13/2019-08-19,,0.0,0.0,0.3943913497214764
2019-08-20/2019-08-26,,0.0,0.0,0.3943913497214764
2019-08-27/2019-09-02,,0.0,0.0,0.3943913497214764
2019-09-03/2019-09-09,,0.0,0.0,0.3943913497214764
2019-09-10/2019-09-16,2019-09-10,-0.020877110530813647,1.0,0.36528048739013075
2019-09-17/2019-09-23,2019-09-17,0.010144713445366493,1.0,0.37913086670725393
2019-09-24/2019-09-30,,0.0,0.0,0.37913086670725393
2019-10-01/2019-10-07,,0.0,0.0,0.37913086670725393
2019-10-08/2019-10-14,,0.0,0.0,0.37913086670725393
2019-10-15/2019-10-21,,0.0,0.0,0.37913086670725393
2019-10-22/2019-10-28,,0.0,0.0,0.37913086670725393
2019-10-29/2019-11-04,2019-10-29,0.007648829569351497,3.0,0.3896796036605299
2019-11-05/2019-11-11,2019-11-05,-0.009160521319303606,5.0,0.37694941402419624
2019-11-12/2019-11-18,,0.0,0.0,0.37694941402419624
2019-11-19/2019-11-25,2019-11-19,-0.015553283126849116,1.0,0.35553332993652886
2019-11-26/2019-12-02,2019-11-26,-0.013815937585352489,1.0,0.3368053660552608
2019-12-03/2019-12-09,,0.0,0.0,0.3368053660552608
2019-12-10/2019-12-16,,0.0,0.0,0.3368053660552608
2019-12-17/2019-12-23,,0.0,0.0,0.3368053660552608
2019-12-24/2019-12-30,,0.0,0.0,0.3368053660552608
2019-12-31/2020-01-06,,0.0,0.0,0.3368053660552608
2020-01-07/2020-01-13,,0.0,0.0,0.3368053660552608
2020-01-14/2020-01-20,,0.0,0.0,0.3368053660552608
2020-01-21/2020-01-27,,0.0,0.0,0.3368053660552608
2020-01-28/2020-02-03,,0.0,0.0,0.3368053660552608
2020-02-04/2020-02-10,,0.0,0.0,0.3368053660552608
2020-02-11/2020-02-17,,0.0,0.0,0.3368053660552608
2020-02-18/2020-02-24,2020-02-18,-0.02911734759697132,2.0,0.2978811395423333
2020-02-25/2020-03-02,,0.0,0.0,0.2978811395423333
2020-03-03/2020-03-09,,0.0,0.0,0.2978811395423333
2020-03-10/2020-03-16,,0.0,0.0,0.2978811395423333
2020-03-17/2020-03-23,,0.0,0.0,0.2978811395423333
2020-03-24/2020-03-30,,0.0,0.0,0.2978811395423333
2020-03-31/2020-04-06,,0.0,0.0,0.2978811395423333
2020-04-07/2020-04-13,,0.0,0.0,0.2978811395423333
2020-04-14/2020-04-20,2020-04-14,0.0054953998556463105,5.0,0.3050135153692204
2020-04-21/2020-04-27,2020-04-21,0.004258663072265722,5.0,0.3105711282359309
2020-04-28/2020-05-04,2020-04-28,-0.005550972894561856,3.0,0.30329618342669784
2020-05-05/2020-05-11,2020-05-05,0.001250392264427802,4.0,0.30492581489271275
2020-05-12/2020-05-18,,0.0,0.0,0.30492581489271275
2020-05-19/2020-05-25,2020-05-19,-0.02767072267672348,5.0,0.2688175745551191
2020-05-26/2020-06-01,2020-05-26,-0.017761111597795587,1.0,0.24628196401620128
2020-06-02/2020-06-08,2020-06-02,0.07258045159128663,5.0,0.3367376717745729
2020-06-09/2020-06-15,2020-06-09,-0.038065774859603295,5.0,0.2858537165144517
2020-06-16/2020-06-22,2020-06-16,-0.02992071653978387,4.0,0.24738005195099522
2020-06-23/2020-06-29,2020-06-23,-0.0027235847998047236,2.0,0.24398270660192178
2020-06-30/2020-07-06,,0.0,0.0,0.24398270660192178
2020-07-07/2020-07-13,2020-07-07,0.01157793332110768,1.0,0.2583854554315699
2020-07-14/2020-07-20,2020-07-14,-0.0014918717485512545,1.0,0.2565081057218237
2020-07-21/2020-07-27,2020-07-21,-0.032145300357745654,1.0,0.21611727526145375
2020-07-28/2020-08-03,,0.0,0.0,0.21611727526145375
2020-08-04/2020-08-10,2020-08-04,-0.010945916824298352,1.0,0.20280575671784962
2020-08-11/2020-08-17,,0.0,0.0,0.20280575671784962
2020-08-18/2020-08-24,2020-08-18,0.043845271938571795,2.0,0.2555431022104233
2020-08-25/2020-08-31,2020-08-25,0.03829328060455269,3.0,0.3036219665344775
2020-09-01/2020-09-07,2020-09-01,-0.042353625793068866,4.0,0.2484088495882517
2020-09-08/2020-09-14,2020-09-08,0.022258838373587553,1.0,0.276196980395393
2020-09-15/2020-09-21,2020-09-15,0.013519134557464785,1.0,0.2934500590951885
2020-09-22/2020-09-28,,0.0,0.0,0.2934500590951885
2020-09-29/2020-10-05,,0.0,0.0,0.2934500590951885
2020-10-06/2020-10-12,2020-10-06,-0.00812787879783805,1.0,0.2829370537838063
2020-10-13/2020-10-19,,0.0,0.0,0.2829370537838063
2020-10-20/2020-10-26,,0.0,0.0,0.2829370537838063
2020-10-27/2020-11-02,,0.0,0.0,0.2829370537838063
2020-11-03/2020-11-09,,0.0,0.0,0.2829370537838063
2020-11-10/2020-11-16,2020-11-10,0.010561652746961053,4.0,0.2964869894420801
2020-11-17/2020-11-23,2020-11-17,0.04512898318637526,5.0,0.3549961289899659
2020-11-24/2020-11-30,2020-11-24,-0.01569634483372271,5.0,0.33372764250097986
2020-12-01/2020-12-07,2020-12-01,0.03213581323699573,5.0,0.37658806492941
2020-12-08/2020-12-14,2020-12-08,-0.013667331349178488,3.0,0.3577737797146954
2020-12-15/2020-12-21,2020-12-15,-0.013706007598652481,1.0,0.33916412197267465
2020-12-22/2020-12-28,2020-12-22,0.02548787949837017,2.0,0.37329657574205477
2020-12-29/2021-01-04,2020-12-29,0.004638605229848158,1.0,0.37966675642042436
2021-01-05/2021-01-11,2021-01-05,-0.033766181866427214,1.0,0.3330806778080686
2021-01-12/2021-01-18,2021-01-12,-0.048095826795160945,2.0,0.26896506042423596
2021-01-19/2021-01-25,2021-01-19,-0.05811564849276796,2.0,0.19521833302301705
2021-01-26/2021-02-01,2021-01-26,0.056370920036958205,1.0,0.262593890100564
2021-02-02/2021-02-08,2021-02-02,-0.009353507693704799,1.0,0.25078420843548366
2021-02-09/2021-02-15,,0.0,0.0,0.25078420843548366
2021-02-16/2021-02-22,2021-02-16,-0.052566458344855516,2.0,0.18503491244435666
2021-02-23/2021-03-01,2021-02-23,-0.017324517023923125,1.0,0.16450475492977112
2021-03-02/2021-03-08,2021-03-02,0.023679132048097663,5.0,0.1920792167923906
2021-03-09/2021-03-15,2021-03-09,-0.039560344010918014,1.0,0.1449201528878179
2021-03-16/2021-03-22,2021-03-16,-0.03749726473231535,2.0,0.10198877881762058
2021-03-23/2021-03-29,,0.0,0.0,0.10198877881762058
2021-03-30/2021-04-05,2021-03-30,-0.004949058381625848,1.0,0.09653497201535566
2021-04-06/2021-04-12,2021-04-06,0.05953004198146716,2.0,0.16181174493357675
2021-04-13/2021-04-19,2021-04-13,-0.008980693249779348,2.0,0.15137787003833747
2021-04-20/2021-04-26,2021-04-20,0.000894890624312028,1.0,0.15240822729927506
2021-04-27/2021-05-03,2021-04-27,-0.06244433842538477,1.0,0.08044685794960138
2021-05-04/2021-05-10,,0.0,0.0,0.08044685794960138
2021-05-11/2021-05-17,,0.0,0.0,0.08044685794960138
2021-05-18/2021-05-24,,0.0,0.0,0.08044685794960138
2021-05-25/2021-05-31,,0.0,0.0,0.08044685794960138
2021-06-01/2021-06-07,,0.0,0.0,0.08044685794960138
2021-06-08/2021-06-14,2021-06-08,0.013779622415355464,1.0,0.09533500769200409
2021-06-15/2021-06-21,2021-06-15,0.06496683344723875,1.0,0.16649545470566052
2021-06-22/2021-06-28,2021-06-22,0.049511540425599465,1.0,0.22425044156759788
2021-06-29/2021-07-05,2021-06-29,0.006305977720101885,2.0,0.2319705375759482
2021-07-06/2021-07-12,2021-07-06,-0.01235649061975086,2.0,0.21674770518458164
2021-07-13/2021-07-19,2021-07-13,-0.0010489868001101188,1.0,0.21547135290277875
2021-07-20/2021-07-26,2021-07-20,0.011793708351121701,1.0,0.22980626754805744
2021-07-27/2021-08-02,,0.0,0.0,0.22980626754805744
2021-08-03/2021-08-09,,0.0,0.0,0.22980626754805744
2021-08-10/2021-08-16,,0.0,0.0,0.22980626754805744
2021-08-17/2021-08-23,,0.0,0.0,0.22980626754805744
2021-08-24/2021-08-30,,0.0,0.0,0.22980626754805744
2021-08-31/2021-09-06,,0.0,0.0,0.22980626754805744
2021-09-07/2021-09-13,,0.0,0.0,0.22980626754805744
2021-09-14/2021-09-20,,0.0,0.0,0.22980626754805744
2021-09-21/2021-09-27,,0.0,0.0,0.22980626754805744
2021-09-28/2021-10-04,,0.0,0.0,0.22980626754805744
2021-10-05/2021-10-11,,0.0,0.0,0.22980626754805744
2021-10-12/2021-10-18,,0.0,0.0,0.22980626754805744
2021-10-19/2021-10-25,2021-10-19,0.009680757369988191,1.0,0.2417117236362809
2021-10-26/2021-11-01,2021-10-26,0.055103784778839815,1.0,0.3101347392128968
2021-11-02/2021-11-08,2021-11-02,0.07297154915754533,2.0,0.40573730073837844
2021-11-09/2021-11-15,2021-11-09,-0.02733060967848394,2.0,0.36731764326141225
2021-11-16/2021-11-22,2021-11-16,0.05341038002677634,1.0,0.4403465982053203
2021-11-23/2021-11-29,2021-11-23,0.02798727507516685,1.0,0.4806579746528734
2021-11-30/2021-12-06,2021-11-30,-0.03554197051821417,1.0,0.42803247257020227
2021-12-07/2021-12-13,,0.0,0.0,0.42803247257020227
2021-12-14/2021-12-20,2021-12-14,-0.007039131930206666,1.0,0.41798036359516133
2021-12-21/2021-12-27,,0.0,0.0,0.41798036359516133
2021-12-28/2022-01-03,,0.0,0.0,0.41798036359516133
2022-01-04/2022-01-10,2022-01-04,-0.02098015492429972,1.0,0.38823091588732006
2022-01-11/2022-01-17,,0.0,0.0,0.38823091588732006
2022-01-18/2022-01-24,2022-01-18,-0.044691537532981496,1.0,0.32618874180549673
2022-01-25/2022-01-31,,0.0,0.0,0.32618874180549673
2022-02-01/2022-02-07,,0.0,0.0,0.32618874180549673
2022-02-08/2022-02-14,,0.0,0.0,0.32618874180549673
2022-02-15/2022-02-21,2022-02-15,0.008525166995825062,1.0,0.33749472229737165
2022-02-22/2022-02-28,2022-02-22,-0.0756790652312972,1.0,0.2362743719621132
2022-03-01/2022-03-07,,0.0,0.0,0.2362743719621132
2022-03-08/2022-03-14,2022-03-08,-0.09566673237007062,1.0,0.1180040424836366
2022-03-15/2022-03-21,2022-03-15,-0.018247467553525132,1.0,0.09760329999370643
2022-03-22/2022-03-28,2022-03-22,-0.02965042836496612,2.0,0.06505889197409265
2022-03-29/2022-04-04,2022-03-29,-0.03610941397875356,2.0,0.026600239532047487
2022-04-05/2022-04-11,2022-04-05,-0.05534815381280285,5.0,-0.03022018842983254
2022-04-12/2022-04-18,,0.0,0.0,-0.03022018842983254
2022-04-19/2022-04-25,,0.0,0.0,-0.03022018842983254
2022-04-26/2022-05-02,,0.0,0.0,-0.03022018842983254
2022-05-03/2022-05-09,,0.0,0.0,-0.03022018842983254
2022-05-10/2022-05-16,,0.0,0.0,-0.03022018842983254
2022-05-17/2022-05-23,,0.0,0.0,-0.03022018842983254
2022-05-24/2022-05-30,,0.0,0.0,-0.03022018842983254
2022-05-31/2022-06-06,,0.0,0.0,-0.03022018842983254
2022-06-07/2022-06-13,,0.0,0.0,-0.03022018842983254
2022-06-14/2022-06-20,,0.0,0.0,-0.03022018842983254
2022-06-21/2022-06-27,,0.0,0.0,-0.03022018842983254
2022-06-28/2022-07-04,,0.0,0.0,-0.03022018842983254
2022-07-05/2022-07-11,,0.0,0.0,-0.03022018842983254
2022-07-12/2022-07-18,2022-07-12,0.03098658326289505,1.0,-0.00017002555193890156
2022-07-19/2022-07-25,2022-07-19,3.121007341710946e-05,1.0,-0.00013882078503169026
2022-07-26/2022-08-01,,0.0,0.0,-0.00013882078503169026
2022-08-02/2022-08-08,2022-08-02,-0.021648466055674425,3.0,-0.02178428158365353
2022-08-09/2022-08-15,2022-08-09,0.042251752682576305,3.0,0.019547047021082564
2022-08-16/2022-08-22,2022-08-16,-0.03857715400679296,2.0,-0.01978417642902075
2022-08-23/2022-08-29,2022-08-23,0.013135099754612911,1.0,-0.006908943805365886
2022-08-30/2022-09-05,,0.0,0.0,-0.006908943805365886
2022-09-06/2022-09-12,,0.0,0.0,-0.006908943805365886
2022-09-13/2022-09-19,,0.0,0.0,-0.006908943805365886
2022-09-20/2022-09-26,,0.0,0.0,-0.006908943805365886
2022-09-27/2022-10-03,,0.0,0.0,-0.006908943805365886
2022-10-04/2022-10-10,,0.0,0.0,-0.006908943805365886
2022-10-11/2022-10-17,,0.0,0.0,-0.006908943805365886
2022-10-18/2022-10-24,,0.0,0.0,-0.006908943805365886
2022-10-25/2022-10-31,2022-10-25,0.045682869365451365,5.0,0.038458305182771824
2022-11-01/2022-11-07,2022-11-01,0.04099566475072347,2.0,0.08103059371964916
2022-11-08/2022-11-14,2022-11-08,0.008647943841252514,5.0,0.09037928558481267
2022-11-15/2022-11-21,2022-11-15,-0.008440388155574264,5.0,0.08117606117767906
2022-11-22/2022-11-28,2022-11-22,0.006470790631857381,5.0,0.08817212510573591
2022-11-29/2022-12-05,2022-11-29,0.02353780448247289,2.0,0.11378530782975171
2022-12-06/2022-12-12,2022-12-06,0.024916229966586823,1.0,0.14153663869304345
2022-12-13/2022-12-19,,0.0,0.0,0.14153663869304345
2022-12-20/2022-12-26,,0.0,0.0,0.14153663869304345
2022-12-27/2023-01-02,,0.0,0.0,0.14153663869304345
2023-01-03/2023-01-09,,0.0,0.0,0.14153663869304345
2023-01-10/2023-01-16,2023-01-10,0.006594289781200691,2.0,0.14906426208444312
2023-01-17/2023-01-23,2023-01-17,-0.009872631067465332,2.0,0.13771997455207408
2023-01-24/2023-01-30,2023-01-24,0.0010041784958471078,4.0,0.13886244848481488
2023-01-31/2023-02-06,2023-01-31,0.017618793714689062,5.0,0.15892783103407448
2023-02-07/2023-02-13,2023-02-07,0.010394219835623964,5.0,0.17097398168346545
2023-02-14/2023-02-20,2023-02-14,-0.031542936686727197,2.0,0.134038023517419
2023-02-21/2023-02-27,,0.0,0.0,0.134038023517419
2023-02-28/2023-03-06,2023-02-28,-0.0019710435156068407,1.0,0.13180278522471345
2023-03-07/2023-03-13,,0.0,0.0,0.13180278522471345
2023-03-14/2023-03-20,,0.0,0.0,0.13180278522471345
2023-03-21/2023-03-27,2023-03-21,0.0219174740815119,2.0,0.15660904343525917
2023-03-28/2023-04-03,2023-03-28,0.04474127173235565,2.0,0.20835720293569593
2023-04-04/2023-04-10,2023-04-04,-0.03224496220491152,2.0,0.1693937705970019
2023-04-11/2023-04-17,2023-04-11,-0.009830909980934444,2.0,0.15789756570599733
2023-04-18/2023-04-24,,0.0,0.0,0.15789756570599733
2023-04-25/2023-05-01,,0.0,0.0,0.15789756570599733
2023-05-02/2023-05-08,,0.0,0.0,0.15789756570599733
2023-05-09/2023-05-15,,0.0,0.0,0.15789756570599733
2023-05-16/2023-05-22,,0.0,0.0,0.15789756570599733
2023-05-23/2023-05-29,2023-05-23,0.2237795735185768,1.0,0.4170113891378837
2023-05-30/2023-06-05,2023-05-30,-0.016501026228164684,2.0,0.3936292470401115
2023-06-06/2023-06-12,2023-06-06,0.010666043959393412,2.0,0.4084937578521377
2023-06-13/2023-06-19,2023-06-13,0.0012578229276036061,3.0,0.4102653935941507
2023-06-20/2023-06-26,2023-06-20,-0.032597709467839076,2.0,0.3642939720212208
2023-06-27/2023-07-03,2023-06-27,-0.06258463341619613,1.0,0.2789101339103466
2023-07-04/2023-07-10,,0.0,0.0,0.2789101339103466
2023-07-11/2023-07-17,,0.0,0.0,0.2789101339103466
2023-07-18/2023-07-24,,0.0,0.0,0.2789101339103466
2023-07-25/2023-07-31,,0.0,0.0,0.2789101339103466
2023-08-01/2023-08-07,2023-08-01,-0.003020938429208919,1.0,0.275046625139312
2023-08-08/2023-08-14,,0.0,0.0,0.275046625139312
2023-08-15/2023-08-21,,0.0,0.0,0.275046625139312
2023-08-22/2023-08-28,,0.0,0.0,0.275046625139312
2023-08-29/2023-09-04,,0.0,0.0,0.275046625139312
2023-09-05/2023-09-11,,0.0,0.0,0.275046625139312
2023-09-12/2023-09-18,,0.0,0.0,0.275046625139312
2023-09-19/2023-09-25,,0.0,0.0,0.275046625139312
2023-09-26/2023-10-02,,0.0,0.0,0.275046625139312
2023-10-03/2023-10-09,,0.0,0.0,0.275046625139312
2023-10-10/2023-10-16,,0.0,0.0,0.275046625139312
2023-10-17/2023-10-23,,0.0,0.0,0.275046625139312
2023-10-24/2023-10-30,2023-10-24,-0.0100953644296371,1.0,0.2621745647937517
2023-10-31/2023-11-06,,0.0,0.0,0.2621745647937517
2023-11-07/2023-11-13,,0.0,0.0,0.2621745647937517
2023-11-14/2023-11-20,,0.0,0.0,0.2621745647937517
2023-11-21/2023-11-27,2023-11-21,0.02604923287161054,2.0,0.29505324395668775
2023-11-28/2023-12-04,2023-11-28,-0.002457905389718462,4.0,0.2918701256083942
2023-12-05/2023-12-11,2023-12-05,0.02528781042622197,2.0,0.3245386924400788
2023-12-12/2023-12-18,2023-12-12,0.028542990911907262,4.0,0.3623449883008656
2023-12-19/2023-12-25,2023-12-19,-0.029817419695754965,4.0,0.32172337601429013
2023-12-26/2024-01-01,2023-12-26,-0.04030597427372059,3.0,0.268450027623683
2024-01-02/2024-01-08,,0.0,0.0,0.268450027623683
2024-01-09/2024-01-15,,0.0,0.0,0.268450027623683
2024-01-16/2024-01-22,2024-01-16,0.04100861461288918,1.0,0.32046740596221124
2024-01-23/2024-01-29,2024-01-23,0.036015869192261185,1.0,0.3680251873279907
2024-01-30/2024-02-05,2024-01-30,0.08050879537904332,1.0,0.47816324720795733
2024-02-06/2024-02-12,2024-02-06,0.05703635566927434,1.0,0.5624722919129599
2024-02-13/2024-02-19,2024-02-13,-0.03433209379801039,3.0,0.5088293466302118
2024-02-20/2024-02-26,2024-02-20,0.046021479348292316,2.0,0.5782679052462514
2024-02-27/2024-03-04,2024-02-27,0.09179283950778738,1.0,0.7231415977728124
2024-03-05/2024-03-11,2024-03-05,0.013857196191884469,2.0,0.7470195089595477
2024-03-12/2024-03-18,2024-03-12,-0.025292297383192164,1.0,0.7028333720047044
2024-03-19/2024-03-25,2024-03-19,0.02936995818275623,1.0,0.7528455169326844
2024-03-26/2024-04-01,2024-03-26,-0.04001730759027766,1.0,0.6827013587233499
2024-04-02/2024-04-08,2024-04-02,-0.0034024375240975235,1.0,0.6769760724785796
2024-04-09/2024-04-15,2024-04-09,0.013560354516988338,1.0,0.6997164625378958
2024-04-16/2024-04-22,,0.0,0.0,0.6997164625378958
2024-04-23/2024-04-29,,0.0,0.0,0.6997164625378958
2024-04-30/2024-05-06,,0.0,0.0,0.6997164625378958
2024-05-07/2024-05-13,,0.0,0.0,0.6997164625378958
2024-05-14/2024-05-20,2024-05-14,0.010640898140225064,1.0,0.7178029722830253
2024-05-21/2024-05-27,2024-05-21,0.10644076905103267,2.0,0.9006472417309803
2024-05-28/2024-06-03,2024-05-28,0.02494508340865098,1.0,0.9480590457063818
2024-06-04/2024-06-10,2024-06-04,0.02221553680321242,1.0,0.9913362231311027
2024-06-11/2024-06-17,2024-06-11,0.09983817839450371,1.0,1.190147604219503
2024-06-18/2024-06-24,2024-06-18,-0.06227604034408707,1.0,1.0537538836596236
2024-06-25/2024-07-01,2024-06-25,-0.03479557371678166,1.0,0.9822923390046185
2024-07-02/2024-07-08,,0.0,0.0,0.9822923390046185
2024-07-09/2024-07-15,2024-07-09,0.010585592820105738,1.0,1.0032760785557366
2024-07-16/2024-07-22,,0.0,0.0,1.0032760785557366
2024-07-23/2024-07-29,,0.0,0.0,1.0032760785557366
2024-07-30/2024-08-05,2024-07-30,0.022363137911544095,2.0,1.0480756177753756
2024-08-06/2024-08-12,2024-08-06,-0.03106911522954825,2.0,0.9844437204078842
2024-08-13/2024-08-19,2024-08-13,-0.011988308327564479,1.0,0.9606535972289354
2024-08-20/2024-08-26,2024-08-20,0.02385513499734837,1.0,1.0074252534738681
2024-08-27/2024-09-02,2024-08-27,-0.1532808477780947,1.0,0.6997254087702369
2024-09-03/2024-09-09,,0.0,0.0,0.6997254087702369
2024-09-10/2024-09-16,,0.0,0.0,0.6997254087702369
2024-09-17/2024-09-23,,0.0,0.0,0.6997254087702369
2024-09-24/2024-09-30,,0.0,0.0,0.6997254087702369
2024-10-01/2024-10-07,2024-10-01,-0.019291654497741395,1.0,0.6669348934432093
2024-10-08/2024-10-14,2024-10-08,-0.023776298050713074,4.0,0.62730135258557
2024-10-15/2024-10-21,,0.0,0.0,0.62730135258557
2024-10-22/2024-10-28,2024-10-22,-0.013639191749362789,1.0,0.605106277403658
2024-10-29/2024-11-04,2024-10-29,-0.0007719032472434106,1.0,0.6038672906559592
2024-11-05/2024-11-11,,0.0,0.0,0.6038672906559592
2024-11-12/2024-11-18,2024-11-12,-0.04088477612458785,1.0,0.5382935355439411
2024-11-19/2024-11-25,2024-11-19,0.009418969171177016,1.0,0.5527826749314504
2024-11-26/2024-12-02,2024-11-26,-0.010607964465803144,2.0,0.5363108114926629
2024-12-03/2024-12-09,2024-12-03,-0.019706355868762904,2.0,0.5060357239163606
2024-12-10/2024-12-16,,0.0,0.0,0.5060357239163606
2024-12-17/2024-12-23,2024-12-17,0.04141559018565544,1.0,0.5684090822630377
2024-12-24/2024-12-30,2024-12-24,-0.01394614279867934,1.0,0.5465358252350516
2024-12-31/2025-01-06,,0.0,0.0,0.5465358252350516
2025-01-07/2025-01-13,,0.0,0.0,0.5465358252350516
2025-01-14/2025-01-20,,0.0,0.0,0.5465358252350516
2025-01-21/2025-01-27,2025-01-21,0.015324377411670587,2.0,0.5702355239016228
2025-01-28/2025-02-03,2025-01-28,0.006381902929305183,1.0,0.5802566145913097
2025-02-04/2025-02-10,2025-02-04,-0.0296257420227638,2.0,0.5334403397976615
2025-02-11/2025-02-17,2025-02-11,0.025181383638957833,1.0,0.5720544892815602
2025-02-18/2025-02-24,2025-02-18,-0.06222288769334949,2.0,0.4742367193471677
2025-02-25/2025-03-03,2025-02-25,0.011633509834154565,1.0,0.4913872667195649
2025-03-04/2025-03-10,,0.0,0.0,0.4913872667195649
2025-03-11/2025-03-17,,0.0,0.0,0.4913872667195649
2025-03-18/2025-03-24,,0.0,0.0,0.4913872667195649
2025-03-25/2025-03-31,,0.0,0.0,0.4913872667195649
2025-04-01/2025-04-07,,0.0,0.0,0.4913872667195649
2025-04-08/2025-04-14,,0.0,0.0,0.4913872667195649
2025-04-15/2025-04-21,2025-04-15,-0.26260340665208803,1.0,0.09974388984146088
2025-04-22/2025-04-28,,0.0,0.0,0.09974388984146088
2025-04-29/2025-05-05,,0.0,0.0,0.09974388984146088
2025-05-06/2025-05-12,2025-05-06,0.009869375911997524,5.0,0.11059767569722845
2025-05-13/2025-05-19,2025-05-13,-0.009191137075447654,5.0,0.10039002022422161
2025-05-20/2025-05-26,2025-05-20,0.0014852941468123549,5.0,0.10202442308047144
2025-05-27/2025-06-02,2025-05-27,0.011043090916909248,3.0,0.11419417897720363
2025-06-03/2025-06-09,2025-06-03,0.020554041741985496,2.0,0.13709537264057836
2025-06-10/2025-06-16,2025-06-10,0.01031407789980543,1.0,0.14882346289350168
2025-06-17/2025-06-23,,0.0,0.0,0.14882346289350168
2025-06-24/2025-06-30,,0.0,0.0,0.14882346289350168
2025-07-01/2025-07-07,2025-07-01,-0.0057612539629112725,3.0,0.1422047991652211
2025-07-08/2025-07-14,2025-07-08,-0.030157204974942398,2.0,0.10775909491343261
2025-07-15/2025-07-21,2025-07-15,0.0020631738265046162,2.0,0.1100445944841304
2025-07-22/2025-07-28,2025-07-22,0.03470608741969683,2.0,0.14856989922005837
2025-07-29/2025-08-04,,0.0,0.0,0.14856989922005837
2025-08-05/2025-08-11,,0.0,0.0,0.14856989922005837
2025-08-12/2025-08-18,,0.0,0.0,0.14856989922005837
2025-08-19/2025-08-25,,0.0,0.0,0.14856989922005837
2025-08-26/2025-09-01,2025-08-26,0.007413027503123004,2.0,0.1570842794722358
2025-09-02/2025-09-08,2025-09-02,0.05238002914702555,2.0,0.21769238775655664
2025-09-09/2025-09-15,2025-09-09,-0.009587101322326375,2.0,0.20601824745570907
2025-09-16/2025-09-22,,0.0,0.0,0.20601824745570907
2025-09-23/2025-09-29,2025-09-23,0.1390119086867001,1.0,0.37366914594551615
2025-09-30/2025-10-06,2025-09-30,0.07028671182724633,2.0,0.47021983335256823
2025-10-07/2025-10-13,2025-10-07,0.03145449903688663,2.0,0.516464861684768
2025-10-14/2025-10-20,2025-10-14,0.01858830205945089,2.0,0.5446533685963078
2025-10-21/2025-10-27,2025-10-21,0.06596224090058755,1.0,0.6465421662035615
2025-10-28/2025-11-03,2025-10-28,-0.09115166052952195,1.0,0.4964571136222309
2025-11-04/2025-11-10,,0.0,0.0,0.4964571136222309
2025-11-11/2025-11-17,2025-11-11,-0.0730259028967829,1.0,0.3871769817536539
2025-11-18/2025-11-24,,0.0,0.0,0.3871769817536539
2025-11-25/2025-12-01,2025-11-25,-0.045224452258953995,1.0,0.3244426625676158
2025-12-02/2025-12-08,2025-12-02,-0.043193449608049495,1.0,0.26723541516325056
2025-12-09/2025-12-15,,0.0,0.0,0.26723541516325056
2025-12-16/2025-12-22,,0.0,0.0,0.26723541516325056
2025-12-23/2025-12-29,2025-12-23,0.01221127783457765,2.0,0.28270997889962546
2025-12-30/2026-01-05,2025-12-30,0.04028657897684229,1.0,0.3343859757689489
2026-01-06/2026-01-12,,0.0,0.0,0.3343859757689489
2026-01-13/2026-01-19,2026-01-13,0.09693903925760095,2.0,0.46374007025880726
2026-01-20/2026-01-26,2026-01-20,-0.08302092197640987,2.0,0.34221902009210603
2026-01-27/2026-02-02,,0.0,0.0,0.34221902009210603
2026-02-03/2026-02-09,2026-02-03,-0.04680179560942088,1.0,0.279400759850678
